id,label
1,0
2,0
3,0
4,0
5,1
11,1
12,0
13,1
14,1
15,0
16,1
17,1
18,0
19,0
20,0
21,0
22,1
23,1
24,1
25,1
26,0
27,1
28,0
29,1
30,0
36,1
37,1
38,0
39,1
40,0
41,0
42,1
43,0
44,1
45,0
46,0
47,1
48,1
49,0
50,0
51,0
52,1
53,1
54,1
55,0
56,1
57,1
58,0
59,0
60,1
66,1
67,0
68,1
69,0
70,1
71,1
72,0
73,0
74,0
75,0
76,1
77,1
78,0
79,0
80,0
81,1
82,0
83,0
84,1
85,1
91,1
92,0
93,0
94,0
95,1
96,1
97,1
98,0
99,0
100,1
101,0
102,1
103,0
104,1
105,0
106,1
107,1
108,1
109,0
110,1
111,0
112,1
113,0
114,1
115,0
116,1
117,1
118,0
119,1
120,1
121,1
122,1
123,0
124,0
125,0
126,0
127,1
128,1
129,1
130,0
131,0
132,1
133,1
134,1
135,1
136,0
137,1
138,1
139,1
140,1
141,1
142,1
143,0
144,0
145,0
146,1
147,1
148,0
149,0
150,0
151,0
152,0
153,1
154,1
155,1
156,1
157,1
158,0
159,0
160,0
161,1
162,1
163,0
164,0
165,1
166,1
167,0
168,0
169,1
170,1
176,0
177,1
178,1
179,1
180,1
181,1
182,1
183,1
184,0
185,1
186,0
187,1
188,1
189,1
190,1
196,1
197,1
198,0
199,0
200,1
201,0
202,1
203,1
204,0
205,0
206,0
207,1
208,1
209,1
210,1
216,0
217,1
218,0
219,0
220,1
221,0
222,1
223,1
224,0
225,1
226,1
227,0
228,1
229,0
230,0
231,1
232,0
233,1
234,0
235,0
236,1
237,1
238,0
239,1
240,0
241,0
242,1
243,0
244,1
245,1
246,1
247,1
248,0
249,0
250,1
251,1
252,1
253,0
254,1
255,0
256,1
257,0
258,0
259,0
260,1
261,1
262,1
263,0
264,1
265,0
266,1
267,1
268,0
269,0
270,0
271,0
272,1
273,1
274,0
275,0
276,0
277,1
278,1
279,1
280,0
281,1
282,0
283,0
284,0
285,1
286,1
287,0
288,1
289,1
290,0
291,0
292,1
293,1
294,1
295,0
296,1
297,1
298,0
299,0
300,0
301,1
302,1
303,0
304,0
305,1
306,0
307,1
308,0
309,0
310,1
311,1
312,1
313,1
314,1
315,0
316,0
317,0
318,0
319,1
320,1
321,1
322,1
323,0
324,0
325,1
326,0
327,1
328,0
329,1
330,0
331,1
332,1
333,0
334,1
335,0
336,1
337,1
338,0
339,0
340,1
341,0
342,1
343,0
344,1
345,0
346,0
347,1
348,0
349,1
350,1
351,1
352,0
353,1
354,0
355,0
356,0
357,1
358,1
359,1
360,0
366,0
367,0
368,0
369,0
370,0
371,1
372,0
373,0
374,0
375,0
376,1
377,1
378,0
379,0
380,0
381,1
382,1
383,0
384,0
385,1
386,1
387,1
388,0
389,0
390,0
391,1
392,0
393,0
394,0
395,1
401,1
402,1
403,0
404,0
405,0
406,1
407,0
408,1
409,0
410,0
411,1
412,1
413,0
414,0
415,0
416,0
417,1
418,0
419,1
420,1
421,0
422,1
423,0
424,1
425,1
426,1
427,0
428,0
429,0
430,0
431,1
432,1
433,0
434,0
435,0
436,0
437,1
438,1
439,0
440,1
441,1
442,1
443,0
444,0
445,0
446,1
447,1
448,0
449,1
450,0
451,1
452,1
453,0
454,1
455,1
456,1
457,0
458,1
459,0
460,1
461,1
462,0
463,1
464,0
465,1
466,0
467,1
468,1
469,1
470,0
471,0
472,1
473,0
474,1
475,1
476,1
477,1
478,0
479,0
480,1
481,1
482,0
483,1
484,0
485,1
491,1
492,1
493,0
494,0
495,0
496,0
497,1
498,0
499,1
500,0
501,1
502,0
503,0
504,0
505,1
511,1
512,1
513,0
514,0
515,0
516,1
517,1
518,0
519,1
520,0
521,0
522,1
523,0
524,1
525,1
526,1
527,0
528,0
529,0
530,1
531,1
532,1
533,0
534,0
535,0
536,0
537,0
538,0
539,0
540,1
541,1
542,1
543,0
544,0
545,0
546,0
547,1
548,1
549,1
550,0
551,0
552,1
553,0
554,0
555,0
556,0
557,1
558,0
559,1
560,0
561,0
562,1
563,1
564,1
565,0
571,1
572,0
573,0
574,0
575,0
576,1
577,1
578,0
579,0
580,0
581,1
582,1
583,1
584,1
585,1
586,1
587,0
588,0
589,1
590,0
591,1
592,0
593,0
594,0
595,1
601,1
602,0
603,1
604,0
605,0
611,1
612,0
613,0
614,1
615,1
616,1
617,1
618,0
619,0
620,1
621,1
622,0
623,0
624,0
625,1
626,1
627,1
628,0
629,0
630,0
631,0
632,1
633,1
634,0
635,1
636,0
637,0
638,0
639,0
640,0
641,1
642,0
643,0
644,0
645,0
646,1
647,0
649,0
650,1
651,1
652,1
653,0
654,1
655,0
656,0
657,1
658,1
659,1
660,1
661,0
662,1
663,1
664,1
665,0
666,0
667,1
668,1
669,1
670,0
671,0
672,1
673,1
674,1
675,0
676,1
677,1
678,1
679,0
680,0
681,1
682,1
683,1
684,1
685,0
686,0
687,0
688,0
689,1
690,0
691,1
692,1
693,1
694,0
695,0
696,0
697,1
698,0
699,1
700,0
701,1
702,0
704,0
705,0
706,0
707,1
708,1
709,0
710,1
711,1
712,0
713,0
714,0
715,0
716,0
717,1
718,0
719,0
720,0
721,0
722,1
723,1
724,1
725,1
731,0
732,1
733,1
734,1
735,1
736,1
737,1
738,0
739,1
740,0
741,1
742,1
743,0
744,0
745,0
751,0
752,1
753,1
754,0
755,1
756,1
757,1
758,0
759,0
760,0
761,1
762,0
763,1
764,1
765,0
766,1
767,0
768,0
769,0
770,0
771,1
772,0
773,1
774,1
775,0
776,1
777,0
778,1
779,1
780,1
781,1
782,0
783,0
784,1
785,1
791,1
792,0
793,0
794,0
795,1
796,0
797,1
798,0
799,0
800,0
801,1
802,1
803,0
804,0
805,0
806,1
807,1
808,0
809,0
810,1
811,1
812,0
813,0
814,0
815,0
816,0
817,1
818,0
819,1
820,0
821,1
822,0
823,0
824,1
825,1
831,0
832,1
833,0
834,1
835,0
836,0
837,1
838,1
839,1
840,1
841,0
842,1
843,0
844,1
845,0
846,0
847,1
848,0
849,1
850,0
851,1
852,0
853,1
854,0
855,0
856,1
857,0
858,0
859,0
860,1
861,0
862,1
863,0
864,1
865,0
866,0
867,1
868,1
869,1
870,1
871,1
872,0
873,0
874,0
875,0
876,1
877,1
878,0
879,1
880,0
881,1
882,1
883,0
884,0
885,0
886,1
887,1
888,0
889,0
890,0
891,1
892,1
893,0
894,0
895,0
896,0
897,1
898,1
899,1
900,1
901,0
902,1
903,1
904,1
905,0
906,1
907,1
908,0
909,0
910,0
911,1
912,1
913,0
914,0
915,0
916,0
917,1
918,1
919,1
920,0
921,0
922,1
923,1
924,1
925,0
926,1
927,1
928,0
929,1
930,1
931,0
932,1
933,0
934,0
935,1
936,1
937,1
938,0
939,1
940,0
946,0
947,1
948,1
949,1
950,0
951,1
952,0
953,0
954,1
955,0
956,1
957,1
958,0
959,0
960,0
961,0
962,0
963,0
964,1
965,1
966,0
967,1
968,0
969,1
970,1
971,1
972,1
973,0
974,1
975,1
976,1
977,1
978,0
979,0
980,0
981,0
982,1
983,0
984,1
985,1
991,1
992,0
993,1
994,0
995,1
996,1
997,1
998,0
999,0
1000,1
1001,0
1002,1
1003,0
1004,1
1005,0
1006,1
1007,0
1008,1
1009,0
1010,0
1011,1
1012,0
1013,0
1014,0
1015,0
1016,1
1017,1
1018,0
1019,1
1020,1
1021,1
1022,1
1023,0
1024,0
1025,0
1026,1
1027,1
1028,0
1029,0
1030,0
1031,1
1032,1
1033,0
1034,0
1035,1
1036,0
1037,1
1038,1
1039,1
1040,1
1041,1
1042,0
1043,1
1044,0
1045,0
1046,1
1047,1
1048,0
1049,0
1050,0
1051,0
1052,1
1053,1
1054,0
1055,1
1056,0
1057,1
1058,0
1059,1
1060,0
1061,0
1062,1
1063,1
1064,0
1065,1
1066,1
1067,1
1068,0
1069,0
1070,0
1071,0
1072,1
1073,0
1074,1
1075,1
1081,0
1082,1
1083,0
1084,1
1085,0
1086,1
1087,0
1088,0
1089,1
1090,1
1091,1
1092,1
1093,1
1094,0
1095,1
1096,1
1097,1
1098,1
1099,0
1100,1
1101,1
1102,0
1103,0
1104,0
1105,0
1106,0
1107,1
1108,0
1109,1
1110,0
1111,0
1112,1
1113,0
1114,1
1115,0
1116,0
1117,1
1118,1
1119,1
1120,0
1121,1
1122,1
1123,0
1124,0
1125,1
1126,1
1127,1
1128,0
1129,0
1130,0
1131,0
1132,1
1133,0
1134,1
1135,0
1136,1
1137,1
1138,0
1139,1
1140,1
1141,1
1142,0
1143,1
1144,1
1145,0
1146,1
1147,0
1148,0
1149,0
1150,1
1151,1
1152,1
1153,0
1154,0
1155,0
1161,1
1162,1
1163,0
1164,0
1165,0
1166,1
1167,1
1168,0
1169,1
1170,0
1171,1
1172,0
1173,0
1174,0
1175,0
1176,1
1177,0
1178,1
1179,0
1180,0
1181,1
1182,0
1183,0
1184,0
1185,1
1186,1
1187,1
1188,0
1189,1
1190,0
1191,1
1192,1
1193,0
1194,0
1195,0
1196,1
1197,1
1198,0
1199,1
1200,0
1201,0
1202,1
1203,0
1204,1
1205,1
1206,1
1207,0
1208,0
1209,0
1210,1
1211,1
1212,1
1213,1
1214,0
1215,1
1216,0
1217,1
1218,1
1219,1
1220,1
1221,1
1222,1
1223,0
1224,0
1225,0
1226,1
1227,0
1228,1
1229,1
1230,0
1231,0
1232,1
1233,0
1234,1
1235,1
1236,0
1237,0
1238,1
1239,1
1240,0
1241,0
1242,1
1243,1
1244,1
1245,1
1246,0
1247,1
1248,0
1249,1
1250,1
1251,0
1252,1
1253,0
1254,0
1255,1
1256,0
1257,1
1258,1
1259,1
1260,1
1261,0
1262,1
1263,1
1264,1
1265,1
1266,0
1267,1
1268,1
1269,1
1270,1
1271,1
1272,1
1273,0
1274,1
1275,1
1276,0
1277,1
1278,1
1279,1
1280,0
1281,1
1282,1
1283,0
1284,0
1285,0
1286,1
1287,1
1288,0
1289,0
1290,0
1291,1
1292,1
1293,0
1294,1
1295,0
1296,1
1297,0
1298,1
1299,1
1300,0
1301,1
1302,0
1303,0
1304,0
1305,0
1306,1
1307,1
1308,0
1309,0
1310,0
1311,0
1312,0
1313,1
1314,0
1315,1
1316,0
1317,1
1318,0
1319,1
1320,0
1321,0
1322,1
1323,1
1324,1
1325,0
1326,1
1327,1
1328,0
1329,1
1330,0
1336,0
1337,0
1338,0
1339,1
1340,1
1341,1
1342,0
1343,1
1344,1
1345,1
1351,1
1352,0
1353,0
1354,0
1355,0
1356,1
1357,0
1358,0
1359,1
1360,0
1361,0
1362,1
1363,0
1364,0
1365,0
1366,1
1367,1
1368,1
1369,1
1370,0
1376,1
1377,1
1378,0
1379,0
1380,0
1381,1
1382,1
1383,0
1384,0
1385,0
1386,1
1387,0
1388,0
1389,1
1390,0
1391,1
1392,0
1393,0
1394,0
1395,1
1396,1
1397,0
1398,1
1399,0
1400,1
1401,1
1402,1
1403,0
1404,0
1405,1
1406,1
1407,0
1408,0
1409,0
1410,0
1411,0
1412,1
1413,1
1414,0
1415,1
1416,0
1417,1
1418,1
1419,1
1420,1
1421,0
1422,1
1423,1
1424,1
1425,0
1426,1
1427,1
1428,0
1429,0
1430,0
1431,1
1432,1
1433,0
1434,0
1435,0
1436,0
1437,0
1438,1
1439,1
1440,1
1441,1
1442,1
1443,0
1444,0
1445,0
1446,0
1447,1
1448,1
1449,0
1450,0
1451,0
1452,1
1453,0
1454,0
1455,1
1456,0
1457,1
1458,1
1459,0
1460,1
1461,1
1462,1
1463,0
1464,1
1465,1
1466,1
1467,0
1468,0
1469,1
1470,1
1471,0
1472,1
1473,0
1474,1
1475,1
1481,1
1482,0
1483,1
1484,1
1485,0
1486,0
1487,1
1488,1
1489,1
1490,0
1496,0
1497,0
1498,1
1499,1
1500,1
1501,1
1502,1
1503,0
1504,0
1505,0
1511,1
1512,0
1513,1
1514,0
1515,1
1516,1
1517,0
1518,0
1519,0
1520,0
1521,1
1522,1
1523,0
1524,0
1525,1
1526,0
1527,1
1528,0
1529,1
1530,0
1531,1
1532,0
1533,1
1534,1
1535,0
1536,1
1537,1
1538,0
1539,1
1540,0
1541,0
1542,1
1543,1
1544,0
1545,1
1546,1
1547,1
1548,0
1549,0
1550,1
1551,0
1552,1
1553,1
1554,1
1555,1
1556,1
1557,0
1558,0
1559,0
1560,0
1561,0
1562,1
1563,1
1564,1
1565,0
1566,1
1567,1
1568,1
1569,0
1570,1
1571,1
1572,1
1573,0
1574,0
1575,0
1576,1
1577,1
1578,0
1579,0
1580,0
1581,1
1582,1
1584,0
1585,0
1586,0
1587,1
1588,0
1589,1
1590,0
1591,1
1592,1
1593,0
1594,0
1595,0
1596,0
1597,1
1598,0
1599,1
1600,1
1601,1
1602,1
1603,0
1604,1
1605,1
1606,1
1607,0
1608,1
1609,1
1610,1
1611,1
1612,0
1613,0
1614,1
1615,1
1616,0
1617,1
1618,1
1619,1
1620,1
1621,1
1622,1
1623,0
1624,1
1625,0
1626,0
1627,0
1628,1
1629,1
1630,1
1631,0
1632,1
1633,1
1634,1
1635,1
1636,0
1637,1
1638,1
1639,1
1640,1
1641,0
1642,1
1643,1
1644,0
1645,1
1651,0
1652,1
1653,0
1654,1
1655,1
1656,1
1657,1
1658,0
1659,1
1660,0
1661,1
1662,1
1663,0
1664,1
1665,1
1666,0
1667,1
1668,1
1669,0
1670,0
1671,0
1672,1
1673,0
1674,1
1675,0
1676,0
1677,0
1678,1
1679,1
1680,1
1681,1
1682,1
1683,0
1684,0
1685,0
1686,1
1687,1
1688,0
1689,1
1690,1
1691,0
1692,1
1693,1
1694,1
1695,1
1696,0
1697,1
1698,1
1699,1
1700,0
1701,1
1702,1
1703,0
1704,1
1705,1
1706,1
1707,0
1708,0
1709,1
1710,1
1711,0
1712,1
1713,1
1714,1
1715,0
1716,0
1717,1
1718,1
1719,1
1720,1
1721,1
1722,1
1723,0
1724,1
1725,1
1726,1
1727,1
1728,0
1729,0
1730,0
1731,1
1732,1
1733,0
1734,1
1735,0
1736,1
1737,1
1738,0
1739,1
1740,1
1741,1
1742,1
1743,0
1744,1
1745,0
1746,1
1747,1
1748,0
1749,1
1750,1
1751,0
1752,1
1753,1
1754,1
1755,1
1756,0
1757,0
1758,0
1759,1
1760,1
1761,1
1762,1
1763,0
1764,0
1765,1
1766,0
1767,0
1768,0
1769,1
1770,1
1771,1
1772,0
1773,0
1774,1
1775,1
1776,1
1777,1
1778,0
1779,0
1780,0
1781,1
1782,0
1783,0
1784,0
1785,0
1786,0
1787,1
1788,1
1789,1
1790,1
1791,0
1792,1
1793,1
1794,1
1795,0
1796,1
1797,1
1798,0
1799,0
1800,0
1801,1
1802,0
1803,0
1804,0
1805,1
1806,0
1807,1
1808,0
1809,1
1810,1
1811,1
1812,1
1813,1
1814,1
1815,0
1816,0
1817,1
1818,0
1819,1
1820,1
1821,0
1822,1
1823,0
1824,0
1825,1
1826,0
1827,1
1828,0
1829,1
1830,0
1831,1
1832,0
1833,1
1834,0
1835,0
1836,1
1837,1
1838,1
1839,0
1840,0
1841,1
1842,0
1843,0
1844,1
1845,0
1846,1
1847,1
1848,0
1849,1
1850,1
1851,1
1852,1
1853,0
1854,0
1855,0
1856,0
1857,1
1858,1
1859,0
1860,0
1861,0
1862,1
1863,0
1864,0
1865,0
1866,1
1867,1
1868,1
1869,0
1870,0
1871,0
1872,0
1873,0
1874,1
1875,0
1876,0
1877,0
1878,1
1879,1
1880,0
1881,1
1882,1
1883,0
1884,1
1885,0
1886,0
1887,1
1888,1
1889,1
1890,0
1891,0
1892,1
1893,1
1894,0
1895,1
1896,1
1897,1
1898,0
1899,0
1900,1
1901,0
1902,1
1903,0
1904,1
1905,0
1906,1
1907,0
1908,1
1909,1
1910,1
1911,1
1912,1
1913,0
1914,1
1915,1
1916,1
1917,0
1918,0
1919,0
1920,0
1921,0
1922,1
1923,1
1924,0
1925,0
1926,1
1927,1
1928,0
1929,1
1930,0
1931,1
1932,0
1933,1
1934,0
1935,1
1936,0
1937,1
1938,1
1939,1
1940,0
1941,0
1942,1
1943,0
1944,1
1945,1
1946,1
1947,1
1948,0
1949,1
1950,0
1951,0
1952,1
1953,0
1954,0
1955,0
1956,0
1957,1
1958,0
1959,1
1960,1
1961,0
1962,1
1963,0
1964,1
1965,1
1966,1
1967,0
1968,1
1969,1
1970,1
1971,1
1972,0
1973,0
1974,0
1975,0
1976,0
1977,1
1978,1
1979,1
1980,1
1981,1
1982,0
1983,0
1984,1
1985,0
1986,1
1987,1
1988,0
1989,1
1990,1
1991,1
1992,0
1993,1
1994,1
1995,0
1996,1
1997,1
1998,0
1999,1
2000,0
2001,0
2002,0
2003,0
2004,0
2005,0
2006,1
2007,1
2008,0
2009,0
2010,0
2011,1
2012,1
2013,0
2014,1
2015,1
2016,0
2017,1
2018,0
2019,1
2020,0
2021,0
2022,1
2023,0
2024,1
2025,1
2026,0
2027,1
2028,1
2029,1
2030,1
2031,1
2032,1
2033,0
2034,0
2035,0
2036,0
2037,1
2038,1
2039,1
2040,1
2041,1
2042,1
2043,0
2044,0
2045,0
2051,0
2052,1
2053,1
2054,1
2055,0
2056,1
2057,1
2058,0
2059,0
2060,0
2061,1
2062,1
2063,0
2064,1
2065,0
2071,0
2072,0
2073,0
2074,1
2075,0
2076,0
2077,0
2078,1
2079,0
2080,1
2081,1
2082,1
2083,0
2084,1
2085,1
2086,0
2087,0
2088,1
2089,0
2090,0
2091,1
2092,0
2093,1
2094,0
2095,1
2096,1
2097,1
2098,0
2099,1
2100,0
2101,1
2102,0
2103,1
2104,0
2105,1
2106,1
2107,0
2109,1
2111,1
2112,0
2113,0
2114,0
2115,1
2116,1
2117,1
2118,1
2119,0
2120,1
2121,0
2122,1
2123,0
2124,0
2125,1
2131,1
2132,0
2133,0
2134,0
2135,0
2141,1
2142,0
2143,0
2144,0
2145,0
2146,1
2147,1
2148,0
2149,0
2150,1
2151,1
2152,0
2153,0
2154,0
2155,1
2156,1
2157,0
2158,1
2159,0
2160,0
2161,0
2162,1
2163,0
2164,0
2165,1
2171,1
2172,1
2173,0
2174,0
2175,0
2176,0
2177,1
2178,1
2179,1
2180,1
2181,1
2182,0
2183,0
2184,0
2185,0
2186,1
2187,0
2188,1
2189,0
2190,1
2191,1
2192,0
2193,1
2194,1
2195,0
2196,1
2197,0
2198,0
2199,0
2200,0
2201,0
2202,1
2203,0
2204,1
2205,0
2206,0
2207,1
2208,0
2209,0
2210,1
2211,0
2212,1
2213,1
2214,1
2215,1
2216,1
2217,1
2218,0
2219,1
2220,0
2221,1
2222,1
2223,0
2224,0
2225,1
2231,1
2232,1
2233,0
2234,0
2235,0
2236,0
2237,1
2238,0
2239,1
2240,1
2241,0
2242,1
2243,0
2244,0
2245,0
2246,1
2247,0
2248,0
2249,0
2250,0
2251,1
2252,1
2253,0
2254,0
2255,1
2256,1
2257,0
2258,1
2259,1
2260,1
2261,1
2262,1
2263,1
2264,0
2265,1
2266,0
2267,1
2268,1
2269,1
2270,0
2271,0
2272,1
2273,1
2274,1
2275,1
2276,1
2277,0
2278,1
2279,0
2280,1
2281,0
2282,1
2283,0
2284,1
2285,0
2286,1
2287,1
2288,0
2289,1
2290,1
2291,1
2292,1
2293,0
2294,0
2295,0
2301,0
2302,1
2303,1
2304,0
2305,0
2306,1
2307,1
2308,0
2309,1
2310,1
2311,1
2312,1
2313,0
2314,0
2315,0
2316,1
2317,1
2318,0
2319,1
2320,0
2321,0
2322,0
2323,1
2324,1
2325,1
2326,0
2327,1
2328,1
2329,1
2330,1
2331,1
2332,1
2333,0
2334,0
2335,1
2336,1
2337,0
2339,1
2340,0
2341,0
2342,1
2343,1
2344,1
2345,1
2346,0
2347,1
2348,0
2349,0
2350,0
2351,0
2352,1
2353,1
2354,1
2355,1
2356,0
2357,1
2358,0
2359,1
2360,1
2361,0
2362,0
2363,0
2364,1
2365,1
2366,1
2367,1
2368,1
2369,1
2370,0
2371,1
2372,0
2373,0
2374,0
2375,0
2376,1
2377,0
2378,0
2379,0
2380,1
2381,0
2382,1
2383,1
2384,1
2385,1
2386,0
2387,1
2388,1
2389,1
2390,0
2396,0
2397,1
2398,1
2399,1
2400,0
2401,0
2402,1
2403,0
2404,1
2405,1
2406,0
2407,1
2408,1
2409,1
2410,0
2411,1
2412,0
2413,1
2414,1
2415,0
2416,0
2417,1
2418,0
2419,1
2420,0
2421,1
2422,0
2423,1
2424,0
2425,1
2426,1
2427,1
2428,0
2429,0
2430,1
2431,1
2432,1
2433,0
2434,1
2435,0
2436,0
2437,1
2438,1
2439,0
2440,1
2441,0
2442,1
2443,1
2444,0
2445,1
2446,0
2447,1
2448,1
2449,0
2450,0
2451,1
2452,0
2453,1
2454,1
2455,1
2456,1
2457,1
2458,0
2459,0
2460,0
2461,0
2462,1
2463,1
2464,1
2465,1
2466,1
2467,0
2468,1
2469,1
2470,1
2471,1
2472,1
2473,0
2474,0
2475,0
2476,1
2477,1
2478,0
2479,0
2480,1
2481,1
2482,1
2483,0
2484,1
2485,0
2486,1
2487,1
2488,1
2489,0
2490,1
2491,1
2492,1
2493,0
2494,1
2495,0
2496,0
2497,1
2498,1
2499,1
2500,0
2501,0
2502,1
2503,0
2504,0
2505,0
2506,1
2507,0
2508,1
2509,0
2510,0
2511,1
2512,0
2513,0
2514,0
2515,0
2516,0
2517,1
2518,0
2519,1
2520,0
2521,0
2522,1
2523,1
2524,1
2525,1
2526,0
2527,1
2528,1
2529,1
2530,1
2531,1
2532,0
2533,0
2534,1
2535,1
2541,0
2542,0
2543,1
2544,1
2545,1
2546,1
2547,1
2548,0
2549,0
2550,0
2551,1
2552,0
2553,1
2554,0
2555,0
2556,1
2557,1
2558,1
2559,0
2560,1
2561,0
2562,1
2563,1
2564,0
2565,0
2566,1
2567,1
2568,0
2569,1
2570,0
2571,1
2572,0
2573,1
2574,0
2575,0
2576,0
2577,1
2578,1
2579,0
2580,0
2581,1
2582,1
2583,0
2584,0
2585,0
2586,1
2587,1
2588,0
2589,1
2590,0
2591,0
2592,1
2593,1
2594,1
2595,0
2596,0
2597,1
2598,1
2599,1
2600,0
2601,1
2602,1
2603,0
2604,1
2605,1
2606,1
2607,1
2608,0
2609,1
2610,0
2611,1
2612,1
2613,0
2614,0
2615,0
2616,1
2617,0
2618,0
2619,1
2620,1
2621,1
2622,1
2623,0
2624,1
2625,1
2626,1
2627,0
2628,0
2629,0
2630,1
2631,1
2632,0
2633,0
2634,0
2635,1
2636,1
2637,0
2638,0
2639,1
2640,0
2641,1
2642,0
2643,0
2644,0
2645,0
2646,1
2647,1
2648,0
2649,1
2650,1
2651,1
2652,1
2653,0
2654,0
2655,1
2656,0
2657,1
2658,1
2659,1
2660,1
2661,0
2662,1
2663,0
2664,1
2665,1
2666,1
2667,1
2668,0
2669,0
2670,1
2671,0
2672,1
2673,0
2674,0
2675,1
2686,1
2687,1
2688,0
2689,0
2690,0
2691,1
2692,1
2693,0
2694,0
2695,0
2696,1
2697,1
2698,1
2699,1
2700,1
2701,1
2702,0
2703,0
2704,0
2705,0
2706,1
2707,0
2708,0
2709,0
2710,1
2711,1
2712,1
2713,0
2714,1
2715,0
2721,1
2722,1
2723,0
2724,1
2725,1
2726,0
2727,1
2728,1
2729,1
2730,1
2731,1
2732,1
2733,0
2734,1
2735,1
2736,1
2737,0
2738,0
2739,1
2740,0
2746,0
2747,1
2748,1
2749,1
2750,0
2751,0
2752,1
2753,1
2754,1
2755,0
2756,0
2757,1
2758,1
2759,1
2760,1
2761,1
2762,1
2763,0
2764,0
2765,0
2776,0
2777,1
2778,1
2779,1
2780,0
2781,1
2782,1
2783,0
2784,0
2785,0
2786,1
2787,0
2788,0
2789,0
2790,0
2791,0
2792,1
2793,1
2794,1
2795,1
2796,1
2797,1
2798,0
2799,0
2800,1
2801,1
2802,1
2803,0
2804,0
2805,1
2806,0
2807,1
2808,0
2809,1
2810,0
2811,0
2812,1
2813,0
2814,1
2815,1
2816,0
2817,1
2818,1
2819,1
2820,0
2821,1
2822,1
2823,0
2824,1
2825,1
2826,1
2827,1
2828,1
2829,0
2830,0
2831,0
2832,1
2833,0
2834,1
2835,0
2836,1
2837,1
2838,0
2839,0
2840,1
2841,1
2842,1
2843,1
2844,0
2845,1
2846,1
2847,1
2848,0
2849,0
2850,0
2856,1
2857,1
2858,0
2859,1
2860,1
2861,0
2862,1
2863,1
2864,0
2865,1
2866,0
2867,1
2868,1
2869,1
2870,1
2871,0
2872,1
2873,0
2874,1
2875,0
2876,0
2877,1
2878,1
2879,1
2880,1
2881,1
2882,1
2883,0
2884,1
2885,0
2886,1
2887,1
2888,0
2889,0
2890,0
2891,1
2892,1
2893,1
2894,0
2895,1
2896,0
2897,1
2898,1
2899,0
2900,0
2901,1
2902,1
2903,0
2904,0
2905,1
2911,1
2912,1
2913,0
2914,0
2915,0
2921,1
2922,1
2923,1
2924,1
2925,1
2926,1
2927,0
2928,0
2929,0
2930,0
2931,1
2932,1
2933,0
2934,0
2935,0
2936,1
2937,1
2938,0
2939,0
2940,0
2946,1
2947,1
2948,0
2949,1
2950,1
2951,1
2952,1
2953,0
2954,0
2955,0
2956,1
2957,1
2958,0
2959,0
2960,0
2961,1
2962,0
2963,1
2964,0
2965,0
2966,1
2967,0
2968,0
2969,1
2970,0
2971,1
2972,0
2973,1
2974,1
2975,1
2976,1
2977,0
2978,0
2979,0
2980,1
2986,0
2987,1
2988,1
2989,1
2990,0
3001,1
3002,1
3003,0
3004,0
3005,0
3006,1
3007,1
3008,0
3009,0
3010,1
3011,1
3012,1
3013,0
3014,0
3015,0
3016,0
3017,1
3018,0
3019,1
3020,0
3021,1
3022,1
3023,1
3024,0
3025,0
3026,0
3027,0
3028,1
3029,0
3030,1
3036,0
3037,1
3038,1
3039,1
3040,1
3041,1
3042,1
3043,1
3044,0
3045,0
3046,0
3047,1
3048,0
3049,1
3050,0
3051,0
3052,1
3053,0
3054,0
3055,1
3056,0
3057,1
3058,0
3059,1
3060,0
3061,0
3062,0
3063,1
3064,1
3065,1
3066,1
3067,0
3068,1
3069,0
3070,1
3071,0
3072,1
3073,1
3074,1
3075,1
3076,1
3077,1
3078,0
3079,0
3080,0
3081,1
3082,1
3083,0
3084,0
3085,0
3086,1
3087,1
3088,0
3089,1
3090,1
3091,0
3092,0
3093,0
3094,1
3095,1
3096,1
3097,1
3098,0
3099,1
3100,0
3101,0
3102,1
3103,0
3104,1
3105,0
3106,0
3107,1
3108,1
3109,1
3110,1
3111,0
3112,1
3113,1
3114,0
3115,0
3116,0
3117,1
3118,1
3119,0
3120,0
3121,1
3122,1
3123,0
3124,1
3125,0
3126,0
3127,0
3128,0
3129,1
3130,1
3131,0
3132,1
3133,1
3134,1
3135,0
3136,1
3137,1
3138,0
3139,0
3140,1
3141,1
3142,1
3143,0
3144,0
3145,0
3146,0
3147,1
3148,1
3149,1
3150,0
3151,1
3152,1
3153,0
3154,0
3155,0
3156,1
3157,0
3159,0
3160,1
3161,1
3162,1
3163,0
3164,0
3165,0
3166,0
3167,1
3168,0
3169,1
3170,0
3176,0
3177,1
3178,0
3179,0
3180,0
3186,0
3187,1
3188,1
3189,0
3190,0
3191,1
3192,0
3193,1
3194,1
3195,0
3196,0
3197,1
3198,0
3199,1
3200,1
3201,1
3202,1
3203,0
3204,0
3205,1
3206,1
3207,1
3208,0
3209,1
3210,0
3211,1
3212,0
3213,1
3214,1
3215,1
3216,1
3217,1
3218,0
3219,0
3220,0
3221,0
3222,0
3223,1
3224,1
3225,1
3226,0
3227,0
3228,0
3229,1
3230,1
3231,0
3232,1
3233,1
3234,1
3235,1
3236,0
3237,1
3238,0
3239,1
3240,1
3246,0
3247,1
3248,1
3249,1
3250,0
3251,0
3252,1
3253,0
3254,1
3255,1
3256,0
3257,1
3258,0
3259,1
3260,0
3261,1
3262,1
3263,0
3264,1
3265,1
3266,0
3267,1
3268,0
3269,0
3270,1
3271,1
3272,1
3273,0
3274,0
3275,1
3276,0
3277,1
3278,1
3279,0
3280,1
3281,1
3282,1
3283,0
3284,1
3285,0
3286,0
3287,0
3288,0
3289,0
3290,1
3291,0
3292,1
3293,1
3294,0
3295,0
3296,0
3297,1
3298,1
3299,1
3300,0
3301,0
3302,1
3303,0
3304,1
3305,1
3306,0
3307,1
3308,1
3309,0
3310,0
3311,0
3312,1
3313,0
3314,0
3315,0
3316,0
3317,0
3318,0
3319,1
3320,1
3321,0
3322,1
3323,1
3324,1
3325,1
3326,0
3327,0
3328,0
3329,1
3330,0
3331,1
3332,1
3333,0
3334,1
3335,0
3336,1
3337,1
3338,0
3339,0
3340,0
3346,1
3347,0
3348,0
3349,1
3350,1
3351,0
3352,1
3353,1
3354,1
3355,1
3356,0
3357,0
3358,0
3359,1
3360,0
3366,1
3367,1
3368,0
3369,0
3370,0
3371,0
3372,1
3373,0
3374,1
3375,0
3376,1
3377,0
3378,0
3379,0
3380,0
3381,0
3382,1
3383,0
3384,1
3385,0
3386,1
3387,1
3388,0
3389,0
3390,0
3391,0
3392,0
3393,1
3394,1
3395,1
3396,1
3397,1
3398,0
3399,0
3400,1
3406,0
3407,1
3408,0
3409,1
3410,1
3411,1
3412,1
3413,0
3414,0
3415,0
3416,0
3417,1
3418,0
3419,1
3420,1
3421,0
3422,1
3423,1
3424,0
3425,1
3426,0
3427,0
3428,0
3429,1
3430,1
3431,1
3432,1
3433,0
3434,0
3435,0
3436,0
3437,1
3438,0
3439,1
3440,0
3441,1
3442,1
3443,0
3444,0
3445,0
3451,0
3452,1
3453,0
3454,1
3455,0
3456,0
3457,1
3458,0
3459,1
3460,1
3461,0
3462,0
3463,0
3464,1
3465,1
3466,1
3467,0
3468,1
3469,0
3470,1
3471,1
3472,1
3473,1
3474,0
3475,1
3476,0
3477,1
3478,0
3479,1
3480,0
3481,1
3482,0
3483,0
3484,0
3485,0
3486,1
3487,1
3488,0
3489,0
3490,0
3491,1
3492,1
3493,0
3494,1
3495,0
3496,0
3497,1
3498,1
3499,1
3500,0
3501,0
3502,0
3503,0
3504,1
3505,1
3506,1
3507,0
3508,1
3509,0
3510,1
3511,0
3512,0
3513,0
3514,0
3515,0
3521,1
3522,1
3523,0
3524,1
3525,0
3526,0
3527,1
3528,0
3529,1
3530,1
3531,1
3532,0
3533,1
3534,1
3535,0
3536,0
3537,1
3538,1
3539,1
3540,1
3541,0
3542,0
3543,0
3544,0
3545,1
3546,0
3547,1
3548,0
3549,1
3550,0
3551,0
3552,1
3553,1
3554,0
3555,0
3556,0
3557,1
3558,0
3559,1
3560,1
3561,1
3562,1
3563,0
3564,1
3565,0
3566,1
3567,1
3568,1
3569,1
3570,1
3571,1
3572,0
3573,0
3574,0
3575,0
3576,0
3577,1
3578,1
3579,0
3580,0
3586,1
3587,0
3588,0
3589,0
3590,1
3591,0
3592,1
3593,0
3594,1
3595,0
3596,1
3597,1
3598,0
3599,1
3600,0
3601,0
3602,1
3603,1
3604,0
3605,0
3606,0
3607,1
3608,0
3609,1
3610,0
3611,0
3612,1
3613,0
3614,1
3615,0
3621,0
3622,1
3623,0
3624,0
3625,1
3626,1
3627,1
3628,0
3629,0
3630,1
3631,1
3632,0
3633,0
3634,0
3635,0
3641,0
3642,1
3643,0
3644,0
3645,1
3646,0
3647,1
3648,1
3649,1
3650,1
3651,1
3652,1
3653,0
3654,1
3655,1
3656,0
3657,1
3658,0
3659,1
3660,0
3661,0
3662,1
3663,1
3664,1
3665,0
3666,1
3667,1
3668,0
3669,0
3670,0
3671,0
3672,0
3673,0
3674,1
3675,1
3676,0
3677,1
3678,1
3679,0
3680,1
3681,0
3682,1
3683,1
3684,0
3685,1
3686,1
3687,1
3688,0
3689,1
3690,0
3691,0
3692,1
3693,0
3694,1
3695,0
3696,1
3697,1
3698,0
3699,1
3700,1
3701,1
3702,1
3703,0
3704,0
3705,0
3706,1
3707,1
3708,0
3709,0
3710,1
3711,0
3712,1
3713,0
3714,1
3715,1
3716,0
3717,1
3718,0
3719,1
3720,0
3726,0
3727,1
3728,0
3729,1
3730,1
3731,1
3732,1
3733,0
3734,1
3735,0
3736,1
3737,1
3738,1
3739,1
3740,0
3741,0
3742,1
3743,0
3744,1
3745,0
3746,0
3747,1
3748,0
3749,1
3750,1
3751,0
3752,1
3753,0
3754,0
3755,0
3756,0
3757,1
3758,1
3759,1
3760,1
3761,0
3762,1
3763,0
3764,1
3765,0
3766,1
3767,1
3768,0
3769,0
3770,0
3771,0
3772,0
3773,1
3774,1
3775,1
3776,0
3777,1
3778,1
3779,1
3780,1
3781,0
3782,1
3783,0
3784,1
3785,0
3786,0
3787,1
3788,1
3789,1
3790,0
3791,0
3792,1
3793,1
3794,1
3795,0
3796,1
3797,0
3798,0
3799,1
3800,0
3801,1
3802,1
3803,0
3804,0
3805,0
3806,1
3807,0
3808,0
3809,0
3810,0
3811,1
3812,1
3813,0
3814,0
3815,0
3816,1
3817,1
3818,0
3819,0
3820,0
3821,1
3822,0
3823,1
3824,0
3825,0
3826,0
3827,1
3828,1
3829,1
3830,1
3841,1
3842,1
3843,0
3844,0
3845,1
3846,1
3847,1
3848,0
3849,0
3850,0
3851,1
3852,1
3853,0
3854,0
3855,0
3856,1
3857,1
3858,0
3859,0
3860,1
3861,0
3862,1
3863,0
3864,1
3865,0
3866,0
3867,1
3868,0
3869,1
3870,0
3871,0
3872,1
3873,0
3874,1
3875,1
3876,1
3877,1
3878,0
3879,0
3880,0
3881,0
3882,0
3883,0
3884,1
3885,0
3886,1
3887,1
3888,0
3889,1
3890,1
3891,1
3892,1
3893,0
3894,0
3895,0
3896,1
3897,1
3898,0
3899,0
3900,0
3901,1
3902,1
3903,0
3904,0
3905,1
3906,1
3907,1
3908,0
3909,0
3910,1
3911,0
3912,1
3913,1
3914,1
3915,0
3916,1
3917,1
3918,0
3919,0
3920,0
3921,1
3922,1
3923,0
3924,1
3925,0
3926,0
3927,1
3928,1
3929,1
3930,0
3931,1
3932,1
3933,0
3934,0
3935,0
3936,0
3937,1
3938,0
3939,1
3940,1
3946,0
3947,1
3948,1
3949,1
3950,0
3951,0
3952,1
3953,1
3954,1
3955,0
3956,0
3957,1
3958,0
3959,0
3960,0
3961,1
3962,0
3963,1
3964,1
3965,1
3966,1
3967,0
3968,0
3969,0
3970,0
3971,0
3972,0
3973,1
3974,1
3975,0
3976,0
3977,1
3978,1
3979,1
3980,1
3981,1
3982,1
3983,0
3984,1
3985,0
3986,0
3987,1
3988,1
3989,1
3990,0
3996,1
3997,0
3998,1
3999,0
4000,0
4001,1
4002,0
4003,0
4004,1
4005,1
4006,0
4007,1
4008,0
4009,0
4010,0
4011,0
4012,1
4013,1
4014,1
4015,1
4016,0
4017,1
4018,1
4019,1
4020,1
4021,1
4022,1
4023,0
4024,0
4025,0
4026,0
4027,1
4028,1
4029,1
4030,0
4031,1
4032,1
4033,0
4034,0
4035,0
4036,1
4037,1
4038,0
4039,0
4040,0
4041,1
4042,1
4043,0
4044,0
4045,0
4046,1
4047,1
4048,0
4049,0
4050,0
4051,1
4052,0
4053,0
4054,0
4055,0
4056,1
4057,0
4058,1
4059,0
4060,1
4061,1
4062,1
4063,1
4064,1
4065,0
4066,0
4067,1
4068,0
4069,1
4070,1
4071,0
4072,1
4073,1
4074,1
4075,0
4076,0
4077,1
4078,1
4079,1
4080,0
4081,1
4082,0
4083,0
4084,1
4085,0
4086,1
4087,1
4088,0
4089,0
4090,0
4091,0
4092,0
4093,0
4094,1
4095,0
4096,0
4097,1
4098,1
4099,1
4100,1
4101,0
4102,1
4103,1
4104,1
4105,1
4106,1
4107,1
4108,1
4109,0
4110,0
4111,1
4112,1
4113,0
4114,0
4115,0
4116,1
4117,1
4118,0
4119,0
4120,1
4121,0
4122,0
4123,0
4124,1
4125,0
4126,1
4127,1
4128,0
4129,0
4130,0
4131,1
4132,1
4133,0
4134,1
4135,0
4136,1
4137,1
4138,0
4139,0
4140,0
4141,1
4142,1
4143,0
4144,0
4145,0
4146,0
4147,1
4148,1
4149,1
4150,0
4151,1
4152,1
4153,0
4154,1
4155,0
4156,0
4157,1
4158,1
4159,1
4160,1
4161,1
4162,1
4163,0
4164,0
4165,0
4166,0
4167,1
4168,0
4169,1
4170,1
4171,1
4172,0
4173,0
4174,1
4175,0
4176,1
4177,1
4178,0
4179,1
4180,1
4186,1
4187,1
4188,0
4189,1
4190,0
4191,1
4192,0
4193,0
4194,0
4195,0
4196,0
4197,1
4198,0
4199,0
4200,0
4201,1
4202,1
4203,0
4204,0
4205,0
4206,0
4207,1
4208,0
4209,1
4210,1
4211,1
4212,1
4213,0
4214,1
4215,1
4216,0
4217,1
4218,0
4219,0
4220,1
4221,0
4222,1
4223,1
4224,0
4225,0
4226,0
4227,1
4228,1
4229,1
4230,0
4231,1
4232,0
4233,0
4234,0
4235,0
4236,1
4237,0
4238,0
4239,1
4240,0
4241,1
4242,1
4243,0
4244,1
4245,0
4246,0
4247,1
4248,1
4249,1
4250,0
4251,1
4252,1
4253,0
4254,0
4255,0
4256,0
4257,1
4258,1
4259,1
4260,1
4261,1
4262,1
4263,1
4264,1
4265,0
4266,1
4267,1
4268,0
4269,0
4270,0
4271,0
4272,1
4273,1
4274,1
4275,1
4276,0
4277,1
4278,1
4279,1
4280,0
4281,1
4282,0
4283,0
4284,1
4285,0
4286,1
4287,1
4288,0
4289,1
4290,0
4291,0
4292,1
4293,1
4294,1
4295,1
4296,0
4297,1
4298,0
4299,1
4300,1
4301,0
4302,1
4303,0
4304,1
4305,1
4306,1
4307,1
4308,0
4309,0
4310,0
4311,1
4312,0
4313,0
4314,1
4315,0
4316,1
4317,0
4318,0
4319,0
4320,0
4321,1
4322,1
4323,0
4324,1
4325,0
4326,0
4327,1
4328,0
4329,0
4330,1
4331,0
4332,1
4333,0
4334,1
4335,1
4336,0
4337,1
4338,1
4339,1
4340,1
4341,1
4342,1
4343,0
4344,1
4345,0
4346,0
4347,1
4348,0
4349,0
4350,0
4351,0
4352,1
4353,0
4354,1
4355,1
4356,1
4357,1
4358,0
4359,0
4360,0
4361,0
4362,1
4363,0
4364,0
4365,1
4366,0
4367,1
4368,1
4369,1
4370,0
4371,0
4372,1
4373,1
4374,1
4375,0
4376,1
4377,1
4378,0
4379,0
4380,0
4381,0
4382,1
4383,0
4384,1
4385,0
4386,1
4387,0
4389,1
4390,1
4391,1
4392,1
4393,0
4394,0
4395,0
4396,1
4397,1
4398,0
4399,0
4400,0
4401,1
4402,1
4403,0
4404,1
4405,0
4406,1
4407,1
4408,0
4409,0
4410,1
4411,1
4412,1
4414,0
4415,0
4416,0
4417,1
4418,0
4419,0
4420,1
4421,1
4422,1
4423,0
4424,0
4425,0
4426,1
4427,0
4428,0
4429,0
4430,1
4431,1
4432,1
4433,0
4434,1
4435,0
4436,0
4437,1
4438,1
4439,1
4440,0
4441,0
4442,1
4443,1
4444,1
4445,0
4446,1
4447,1
4448,0
4449,1
4450,0
4451,0
4452,1
4453,0
4454,1
4455,0
4456,0
4457,1
4458,1
4459,1
4460,1
4461,1
4462,0
4463,0
4464,1
4465,1
4466,1
4467,1
4468,0
4469,0
4470,1
4471,0
4472,0
4473,0
4474,1
4475,1
4476,0
4477,1
4478,0
4479,1
4480,0
4491,1
4492,1
4493,0
4494,0
4495,0
4496,0
4497,1
4498,1
4499,1
4500,1
4501,1
4502,1
4503,0
4504,0
4505,1
4506,1
4507,1
4508,0
4509,0
4510,0
4511,1
4512,0
4513,1
4514,1
4515,0
4516,0
4517,1
4518,0
4519,1
4520,1
4521,0
4522,1
4523,1
4524,1
4525,0
4526,1
4527,1
4528,0
4529,0
4530,0
4531,0
4532,1
4533,0
4534,1
4535,1
4536,1
4537,1
4538,0
4539,1
4540,0
4541,1
4542,1
4543,0
4544,1
4545,1
4546,1
4547,1
4548,0
4549,0
4550,0
4556,0
4557,1
4558,0
4559,1
4560,1
4561,1
4562,1
4563,0
4564,1
4565,0
4566,0
4567,1
4568,1
4569,1
4570,1
4571,0
4572,1
4573,0
4574,1
4575,1
4576,1
4577,1
4578,0
4579,0
4580,1
4581,0
4582,0
4583,0
4584,1
4585,1
4586,0
4587,1
4588,1
4589,0
4590,1
4601,0
4602,0
4603,1
4604,1
4605,0
4606,1
4607,1
4608,1
4609,0
4610,0
4611,1
4612,1
4613,0
4614,0
4615,1
4616,1
4617,1
4618,0
4619,0
4620,1
4626,0
4627,1
4628,1
4629,1
4630,1
4631,1
4632,1
4633,0
4634,1
4635,0
4636,1
4637,0
4638,0
4639,0
4640,0
4641,1
4642,0
4643,0
4644,0
4645,0
4646,0
4647,1
4648,0
4649,1
4650,0
4651,1
4652,0
4653,1
4654,0
4655,0
4656,0
4657,1
4658,1
4659,0
4660,0
4661,0
4662,1
4663,0
4664,1
4665,1
4666,0
4667,1
4668,1
4669,1
4670,0
4676,0
4677,1
4678,1
4679,0
4680,1
4681,1
4682,1
4683,0
4684,0
4685,0
4686,1
4687,1
4688,0
4689,0
4690,0
4691,0
4692,1
4693,1
4694,1
4695,0
4696,1
4697,0
4698,0
4699,1
4700,0
4706,1
4707,1
4709,0
4710,0
4711,1
4712,0
4714,0
4715,1
4716,0
4717,1
4718,0
4719,1
4720,0
4721,1
4722,1
4723,0
4724,1
4725,1
4726,1
4727,0
4728,1
4729,0
4730,1
4731,1
4732,1
4733,0
4734,0
4735,0
4736,1
4737,0
4738,1
4739,1
4740,0
4741,1
4742,0
4743,0
4744,0
4745,0
4746,0
4747,1
4748,1
4749,1
4750,0
4751,0
4752,1
4753,0
4754,0
4755,0
4756,1
4757,1
4758,0
4759,0
4760,0
4761,1
4762,0
4763,0
4764,0
4765,0
4766,0
4767,1
4768,0
4769,1
4770,1
4776,0
4777,1
4778,1
4779,1
4780,0
4781,1
4782,0
4783,1
4784,1
4785,1
4786,0
4787,0
4788,0
4789,1
4790,1
4791,0
4792,1
4793,0
4794,0
4795,0
4796,1
4797,1
4798,0
4799,0
4800,0
4801,1
4802,1
4803,0
4804,0
4805,0
4806,0
4807,1
4808,1
4809,0
4810,1
4811,1
4812,0
4813,0
4814,0
4815,1
4816,0
4817,1
4818,1
4819,1
4820,0
4821,0
4822,1
4823,1
4824,1
4825,0
4826,0
4827,1
4828,1
4829,1
4830,0
4831,1
4832,0
4833,0
4834,0
4835,0
4836,0
4837,1
4838,1
4839,1
4840,0
4846,1
4847,1
4848,0
4849,1
4850,1
4851,1
4852,0
4853,0
4854,1
4855,0
4856,0
4857,1
4858,1
4859,1
4860,1
4861,0
4862,0
4863,1
4864,1
4865,1
4866,1
4867,1
4868,0
4869,0
4870,0
4871,1
4872,0
4873,0
4874,0
4875,0
4876,0
4877,1
4878,0
4879,1
4880,1
4881,1
4882,1
4883,1
4884,1
4885,0
4886,1
4887,0
4888,1
4889,1
4890,1
4891,1
4892,0
4893,0
4894,0
4895,0
4896,0
4897,0
4898,1
4899,1
4900,1
4901,1
4902,0
4903,0
4904,0
4905,0
4906,0
4907,1
4908,0
4909,0
4910,1
4911,0
4912,0
4913,0
4914,1
4915,1
4916,1
4917,1
4918,0
4919,1
4920,0
4921,0
4922,1
4923,1
4924,0
4925,0
4926,0
4927,0
4928,1
4929,1
4930,1
4931,1
4932,1
4933,0
4934,0
4935,0
4936,0
4937,1
4938,1
4939,1
4940,0
4941,0
4942,1
4943,1
4944,0
4945,1
4946,0
4947,1
4948,1
4949,1
4950,0
4951,1
4952,1
4953,0
4954,1
4955,1
4966,0
4967,1
4968,1
4969,1
4970,0
4971,0
4972,1
4973,1
4974,1
4975,0
4976,0
4977,1
4978,1
4979,1
4980,0
4981,1
4982,1
4983,0
4984,0
4985,0
4986,0
4987,1
4988,0
4989,1
4990,0
4991,1
4992,1
4993,1
4994,0
4995,1
5001,0
5002,1
5003,1
5004,1
5005,0
5006,0
5007,1
5008,1
5009,1
5010,1
5011,0
5012,1
5013,0
5014,1
5015,0
5016,0
5017,1
5018,0
5019,1
5020,0
5021,0
5022,1
5023,1
5024,1
5025,1
5026,1
5027,0
5029,1
5030,0
5031,1
5032,0
5033,0
5034,0
5035,0
5036,1
5037,1
5038,0
5039,1
5040,0
5041,0
5042,1
5043,0
5044,0
5045,0
5046,1
5047,0
5049,0
5050,0
5051,1
5052,1
5053,0
5054,0
5055,1
5056,1
5057,0
5058,0
5059,0
5060,0
5066,1
5067,0
5068,0
5069,1
5070,1
5076,1
5077,1
5078,0
5079,0
5080,1
5086,1
5087,1
5088,0
5089,1
5090,1
5096,0
5097,1
5098,1
5099,0
5100,1
5101,0
5102,1
5103,1
5104,1
5105,0
5106,0
5107,1
5108,0
5109,1
5110,1
5111,1
5112,0
5113,0
5114,1
5115,0
5121,0
5122,1
5123,1
5124,1
5125,1
5126,0
5127,1
5128,1
5129,1
5130,0
5131,1
5132,1
5133,0
5134,1
5135,0
5141,1
5142,1
5143,0
5144,0
5145,0
5151,1
5152,1
5153,0
5154,0
5155,0
5156,1
5157,1
5158,0
5159,1
5160,0
5161,1
5162,1
5163,0
5164,0
5165,0
5166,1
5167,0
5168,1
5169,0
5170,0
5171,1
5172,1
5173,0
5174,0
5175,0
5176,1
5177,1
5178,0
5179,1
5180,1
5181,1
5182,0
5183,1
5184,1
5185,0
5186,1
5187,0
5188,0
5189,0
5190,0
5191,1
5192,1
5193,0
5194,0
5195,0
5196,1
5197,1
5198,0
5199,1
5200,0
5201,0
5202,1
5203,1
5204,1
5205,0
5206,1
5207,1
5208,0
5209,0
5210,0
5211,1
5212,0
5213,0
5214,0
5215,0
5216,1
5217,1
5218,0
5219,0
5220,0
5221,0
5222,1
5223,1
5224,1
5225,0
5226,1
5227,1
5228,0
5229,1
5230,0
5231,1
5232,0
5233,0
5234,1
5235,0
5241,1
5242,1
5243,1
5244,1
5245,0
5246,1
5247,0
5248,0
5249,0
5250,0
5251,0
5252,1
5253,1
5254,1
5255,1
5261,1
5262,0
5264,0
5265,0
5266,1
5267,0
5268,0
5269,1
5270,0
5271,0
5272,1
5273,1
5274,1
5275,0
5276,0
5277,1
5278,1
5279,1
5280,1
5281,1
5282,1
5283,0
5284,0
5285,1
5291,0
5292,1
5293,1
5294,1
5295,1
5296,0
5297,1
5298,1
5299,1
5300,1
5301,1
5302,1
5303,1
5304,1
5305,0
5306,1
5307,1
5308,0
5309,0
5310,0
5316,0
5317,1
5318,1
5319,1
5320,0
5321,0
5322,1
5323,0
5324,1
5325,1
5326,0
5327,0
5328,1
5329,1
5330,1
5331,0
5332,0
5333,1
5334,1
5335,0
5336,1
5337,1
5338,0
5339,0
5340,0
5341,1
5342,1
5343,0
5344,0
5345,0
5346,1
5347,1
5348,0
5349,0
5350,0
5351,0
5352,0
5353,1
5354,1
5355,0
5356,1
5357,1
5358,0
5359,1
5360,0
5361,1
5362,1
5363,0
5364,0
5365,0
5366,0
5367,1
5368,1
5369,0
5370,0
5371,0
5372,1
5373,1
5374,1
5375,1
5381,1
5382,0
5384,1
5385,0
5386,1
5387,0
5388,0
5389,1
5390,1
5391,1
5392,0
5393,0
5394,0
5395,1
5396,1
5397,0
5398,1
5399,1
5400,1
5401,1
5402,1
5403,0
5404,0
5405,0
5406,1
5407,1
5408,0
5409,0
5410,0
5411,1
5412,0
5413,0
5414,0
5415,1
5416,0
5417,1
5418,0
5419,1
5420,1
5421,1
5422,0
5423,1
5424,1
5425,0
5426,1
5427,0
5428,1
5429,1
5430,0
5436,0
5437,1
5438,0
5439,1
5440,0
5441,0
5442,1
5443,1
5444,0
5445,1
5446,1
5447,1
5448,1
5449,0
5450,1
5451,1
5452,1
5453,0
5454,0
5455,0
5456,1
5457,1
5458,0
5459,0
5460,1
5461,1
5462,1
5463,0
5464,0
5465,0
5466,0
5467,1
5468,1
5469,1
5470,0
5471,1
5472,1
5473,0
5474,0
5475,0
5476,1
5477,1
5478,1
5479,0
5480,0
5481,0
5482,1
5483,1
5484,1
5485,0
5486,0
5487,0
5488,1
5489,1
5490,0
5491,1
5492,1
5493,0
5494,0
5495,0
5496,1
5497,1
5498,1
5499,1
5500,0
5501,1
5502,1
5503,1
5504,1
5505,0
5511,1
5512,1
5514,0
5515,1
5516,1
5517,1
5518,0
5519,0
5520,0
5521,1
5522,1
5523,0
5524,0
5525,1
5526,0
5527,1
5528,1
5529,1
5530,1
5531,0
5532,1
5533,1
5534,1
5535,0
5536,1
5537,1
5538,0
5539,0
5540,0
5541,1
5542,1
5543,0
5544,1
5545,0
5546,1
5547,0
5548,0
5549,1
5550,0
5551,0
5552,1
5553,0
5554,1
5555,1
5556,1
5557,0
5558,1
5559,1
5560,0
5561,1
5562,0
5563,0
5564,0
5565,0
5566,1
5567,0
5568,0
5569,1
5570,1
5571,1
5572,1
5573,0
5574,1
5575,0
5576,1
5577,0
5579,0
5580,0
5581,1
5582,1
5583,0
5584,1
5585,0
5586,0
5587,1
5588,0
5589,1
5590,1
5591,1
5592,1
5593,0
5594,1
5595,1
5596,0
5597,1
5598,0
5599,1
5600,1
5601,0
5602,1
5603,1
5604,0
5605,0
5606,0
5607,1
5608,1
5609,1
5610,0
5611,1
5612,0
5613,1
5614,1
5615,0
5616,1
5617,1
5618,0
5619,1
5620,0
5621,0
5622,1
5623,0
5624,1
5625,0
5626,0
5627,0
5628,0
5629,1
5630,0
5631,1
5632,1
5633,0
5634,0
5635,1
5636,1
5637,1
5638,0
5639,1
5640,0
5641,1
5642,1
5643,0
5644,1
5645,1
5646,0
5647,1
5648,0
5649,1
5650,1
5651,0
5652,1
5653,1
5654,1
5655,0
5656,1
5657,0
5658,0
5659,0
5660,0
5661,0
5662,1
5663,0
5664,1
5665,0
5666,1
5667,1
5668,0
5669,1
5670,1
5671,1
5672,1
5673,0
5674,1
5675,0
5676,1
5677,1
5678,0
5679,0
5680,0
5681,1
5682,1
5683,0
5684,0
5685,1
5686,0
5687,1
5688,1
5689,1
5690,1
5691,0
5692,1
5693,1
5694,0
5695,1
5696,1
5697,1
5698,0
5699,0
5700,0
5701,0
5702,1
5703,1
5704,1
5705,1
5706,1
5707,0
5708,0
5709,1
5710,1
5711,0
5712,1
5713,0
5714,1
5715,1
5716,0
5717,1
5718,1
5719,0
5720,1
5721,1
5722,1
5723,0
5724,1
5725,1
5726,0
5727,1
5728,1
5729,1
5730,1
5731,1
5732,1
5733,0
5734,0
5735,0
5736,0
5737,1
5738,1
5739,0
5740,0
5741,0
5742,1
5743,0
5744,0
5745,0
5746,1
5747,1
5748,0
5749,1
5750,0
5751,1
5752,1
5753,1
5754,1
5755,1
5756,1
5757,0
5758,0
5759,1
5760,0
5771,1
5772,1
5773,0
5774,1
5775,0
5776,1
5777,0
5778,1
5779,1
5780,0
5781,0
5782,0
5783,0
5784,1
5785,1
5791,1
5792,1
5793,0
5794,1
5795,0
5796,1
5797,1
5798,0
5799,0
5800,1
5801,0
5802,1
5803,1
5804,0
5805,1
5806,0
5807,1
5808,1
5809,1
5810,1
5811,0
5812,1
5813,1
5814,1
5815,0
5816,1
5817,1
5818,0
5819,0
5820,1
5821,1
5822,0
5823,0
5824,1
5825,0
5826,1
5827,1
5828,0
5829,0
5830,0
5831,1
5832,1
5833,0
5834,1
5835,0
5836,1
5837,1
5838,0
5839,0
5840,0
5841,0
5842,1
5843,0
5844,1
5845,1
5846,1
5847,0
5848,1
5849,0
5850,1
5851,0
5852,1
5853,0
5854,1
5855,1
5856,0
5857,1
5858,0
5859,1
5860,1
5861,1
5862,0
5864,0
5866,1
5867,0
5868,0
5869,0
5870,0
5876,1
5877,0
5878,0
5879,1
5880,1
5881,0
5882,1
5883,1
5884,1
5885,1
5886,0
5887,1
5888,1
5889,1
5890,0
5891,1
5892,1
5893,0
5894,0
5895,0
5896,1
5897,1
5898,0
5899,0
5900,1
5901,0
5902,1
5903,1
5904,1
5905,1
5911,1
5912,1
5913,0
5914,0
5915,0
5916,1
5917,0
5918,0
5919,0
5920,1
5921,1
5922,0
5924,1
5925,0
5926,0
5927,1
5928,0
5929,0
5930,1
5936,1
5937,1
5938,0
5939,0
5940,0
5941,0
5942,1
5943,0
5944,0
5945,1
5946,0
5947,1
5948,0
5949,0
5950,0
5951,1
5952,0
5953,1
5954,0
5955,0
5956,1
5957,1
5958,0
5959,0
5960,1
5966,1
5967,1
5968,0
5969,0
5970,0
5971,1
5972,1
5973,0
5974,0
5975,0
5976,0
5977,1
5978,1
5979,0
5980,0
5981,1
5982,1
5983,0
5984,0
5985,0
5986,0
5987,1
5988,1
5989,0
5990,0
5991,1
5992,1
5993,0
5994,0
5995,0
5996,1
5997,1
5998,0
5999,1
6000,0
6001,0
6002,1
6003,1
6004,1
6005,0
6011,1
6012,1
6013,0
6014,0
6015,0
6016,1
6017,0
6018,0
6019,0
6020,0
6021,1
6022,1
6023,1
6024,1
6025,0
6026,1
6027,1
6028,1
6029,0
6030,0
6031,1
6032,1
6033,0
6034,0
6035,0
6036,1
6037,1
6038,0
6039,1
6040,0
6041,1
6042,0
6043,0
6044,0
6045,1
6046,0
6047,1
6048,1
6049,1
6050,0
6056,1
6057,1
6058,0
6059,0
6060,0
6061,1
6062,1
6063,0
6064,1
6065,0
6066,0
6067,1
6068,0
6069,1
6070,1
6071,1
6072,1
6073,1
6074,0
6075,0
6076,0
6077,1
6078,0
6079,1
6080,1
6081,1
6082,1
6083,0
6084,0
6085,0
6086,1
6087,1
6088,1
6089,0
6090,0
6091,1
6092,0
6093,0
6094,0
6095,0
6096,1
6097,1
6098,0
6099,0
6100,0
6101,1
6102,0
6103,0
6104,0
6105,0
6111,1
6112,1
6114,0
6115,1
6116,1
6117,1
6118,1
6119,0
6120,1
6121,1
6122,1
6123,1
6124,0
6125,0
6126,1
6127,1
6128,1
6129,0
6130,0
6131,1
6132,1
6133,0
6134,0
6135,0
6136,0
6137,1
6138,1
6139,1
6140,1
6146,0
6147,1
6148,0
6149,0
6150,0
6151,1
6152,1
6153,0
6154,0
6155,0
6156,0
6157,1
6158,1
6159,1
6160,1
6161,1
6162,0
6163,0
6164,0
6165,0
6166,1
6167,1
6168,0
6169,0
6170,1
6171,0
6172,1
6173,1
6174,1
6175,1
6176,0
6177,1
6178,0
6179,1
6180,0
6181,1
6182,1
6183,0
6184,1
6185,0
6186,1
6187,1
6188,0
6189,0
6190,0
6191,1
6192,1
6193,0
6194,0
6195,0
6196,1
6197,0
6198,1
6199,1
6200,1
6201,0
6202,1
6203,0
6204,1
6205,0
6206,1
6207,0
6208,0
6209,0
6210,0
6211,1
6212,1
6213,0
6214,0
6215,0
6216,0
6217,1
6218,0
6219,1
6220,1
6221,0
6222,1
6223,0
6224,1
6225,1
6226,0
6227,1
6228,0
6229,1
6230,0
6231,1
6232,0
6233,1
6234,1
6235,1
6236,1
6237,1
6238,0
6239,0
6240,1
6241,1
6242,0
6243,0
6244,1
6245,0
6261,1
6262,1
6263,0
6264,1
6265,0
6266,1
6267,1
6268,0
6269,0
6270,0
6271,1
6272,0
6273,0
6274,0
6275,0
6276,1
6277,1
6278,0
6279,1
6280,0
6281,1
6282,1
6283,0
6284,0
6285,0
6286,1
6287,0
6288,0
6289,1
6290,0
6291,1
6292,1
6293,0
6294,0
6295,0
6296,1
6297,0
6299,0
6301,0
6302,1
6303,0
6304,1
6305,0
6311,0
6312,1
6313,1
6314,1
6315,1
6316,1
6317,1
6318,0
6319,0
6320,0
6321,0
6322,1
6323,1
6324,1
6325,0
6326,1
6327,1
6328,1
6329,0
6330,0
6331,1
6332,1
6333,0
6334,1
6335,1
6341,0
6342,1
6343,1
6344,1
6345,0
6351,1
6352,1
6354,1
6355,0
6356,0
6357,1
6358,1
6359,0
6360,1
6361,0
6362,1
6363,0
6364,1
6365,0
6366,1
6367,1
6368,0
6369,0
6370,0
6371,1
6372,1
6373,0
6374,0
6375,0
6376,1
6377,0
6378,0
6379,0
6380,0
6381,0
6382,1
6383,1
6384,1
6385,1
6386,0
6387,0
6388,0
6389,1
6390,0
6391,1
6392,1
6393,0
6394,0
6395,0
6396,0
6397,1
6398,1
6399,1
6400,0
6401,1
6402,0
6403,0
6404,1
6405,1
6406,0
6407,1
6408,1
6409,1
6410,0
6411,1
6412,1
6413,0
6414,1
6415,0
6416,1
6417,0
6418,1
6419,1
6420,0
6421,0
6422,1
6423,1
6424,0
6425,1
6426,0
6427,1
6428,1
6429,1
6430,1
6431,1
6432,1
6433,0
6434,0
6435,0
6436,0
6437,1
6438,1
6439,1
6440,0
6441,0
6442,1
6443,0
6444,0
6445,1
6446,0
6447,1
6448,1
6449,1
6450,1
6451,0
6452,1
6453,1
6454,1
6455,1
6456,1
6457,1
6458,0
6459,0
6460,0
6461,0
6462,1
6463,1
6464,0
6465,0
6466,0
6467,1
6468,1
6469,0
6470,1
6471,0
6472,1
6473,1
6474,1
6475,1
6476,1
6477,0
6478,0
6479,0
6480,0
6481,0
6482,1
6483,1
6484,1
6485,1
6486,1
6487,0
6488,0
6489,0
6490,0
6491,0
6492,1
6493,0
6494,1
6495,0
6496,1
6497,1
6498,1
6499,1
6500,0
6501,1
6502,1
6503,0
6504,0
6505,0
6506,0
6507,1
6508,1
6509,0
6510,0
6511,1
6512,1
6513,0
6514,1
6515,1
6516,1
6517,1
6518,0
6519,1
6520,1
6521,1
6522,1
6523,0
6524,1
6525,0
6526,0
6527,0
6528,0
6529,1
6530,1
6531,0
6532,0
6533,1
6534,0
6535,0
6536,1
6537,0
6538,1
6539,1
6540,0
6541,1
6542,0
6543,0
6544,1
6545,0
6546,0
6547,1
6548,0
6549,1
6550,0
6556,1
6557,1
6558,0
6559,0
6560,1
6566,1
6567,0
6569,0
6571,1
6572,1
6573,0
6574,1
6575,0
6576,0
6577,0
6578,1
6579,1
6580,1
6581,1
6582,0
6584,0
6585,1
6586,0
6587,1
6588,0
6589,1
6590,0
6591,1
6592,0
6593,0
6594,1
6595,1
6596,0
6597,1
6598,1
6599,1
6600,0
6601,0
6602,1
6603,0
6604,1
6605,0
6606,0
6607,1
6608,0
6609,1
6610,1
6611,1
6612,0
6613,1
6614,1
6615,1
6616,1
6617,0
6618,1
6619,1
6620,1
6621,1
6622,0
6623,1
6624,1
6625,1
6631,1
6632,1
6633,0
6634,0
6635,0
6636,0
6637,0
6638,1
6639,1
6640,0
6641,0
6642,1
6643,1
6644,1
6645,1
6646,1
6647,1
6648,0
6649,1
6650,0
6651,1
6652,1
6653,0
6654,1
6655,1
6656,0
6657,1
6658,1
6659,1
6660,1
6661,1
6662,1
6663,1
6664,0
6665,1
6666,1
6667,1
6668,0
6669,0
6670,0
6671,0
6672,1
6673,0
6674,0
6675,0
6676,0
6677,1
6678,1
6679,0
6680,1
6681,0
6682,1
6683,0
6684,1
6685,0
6686,0
6687,1
6688,0
6689,1
6690,0
6691,1
6692,1
6693,0
6694,0
6695,0
6696,1
6697,1
6699,0
6700,1
6701,0
6702,1
6703,1
6704,0
6705,0
6706,0
6707,1
6708,0
6709,1
6710,0
6711,0
6712,1
6713,1
6714,1
6715,1
6716,1
6717,1
6718,0
6719,0
6720,1
6721,0
6722,1
6723,0
6724,1
6725,1
6726,1
6727,0
6728,0
6729,0
6730,0
6736,1
6737,1
6738,1
6739,0
6740,0
6741,1
6742,1
6743,0
6744,0
6745,0
6746,1
6747,1
6748,0
6749,0
6750,0
6751,0
6752,1
6753,1
6754,1
6755,1
6756,0
6757,1
6758,1
6759,1
6760,0
6761,1
6762,0
6763,0
6764,0
6765,0
6766,0
6767,1
6768,0
6769,1
6770,0
6771,0
6772,1
6773,0
6774,1
6775,1
6776,1
6777,1
6778,0
6779,1
6780,0
6781,1
6782,1
6783,0
6784,0
6785,0
6786,1
6787,1
6788,0
6789,1
6790,0
6791,0
6792,1
6793,1
6794,1
6795,1
6796,1
6797,1
6798,0
6799,0
6800,0
6801,1
6802,1
6803,0
6804,0
6805,0
6806,0
6807,1
6808,1
6809,1
6810,0
6811,0
6812,1
6813,0
6814,0
6815,0
6816,1
6817,0
6818,0
6819,1
6820,0
6821,1
6822,1
6823,0
6824,0
6825,0
6826,1
6827,0
6828,1
6829,1
6830,0
6831,0
6832,0
6833,0
6834,1
6835,1
6836,0
6837,1
6838,1
6839,1
6840,1
6841,1
6842,1
6843,1
6844,0
6845,0
6846,1
6847,1
6848,0
6849,0
6850,0
6861,1
6862,1
6863,0
6864,1
6865,0
6866,1
6867,0
6868,0
6869,1
6870,0
6871,1
6872,1
6873,0
6874,0
6875,0
6876,0
6877,1
6878,0
6879,1
6880,0
6881,0
6882,1
6883,1
6884,1
6885,1
6886,0
6887,1
6888,0
6889,1
6890,1
6891,1
6892,0
6893,0
6894,0
6895,0
6896,1
6897,1
6898,0
6899,1
6900,0
6901,0
6902,0
6903,1
6904,1
6905,1
6906,0
6907,1
6908,0
6909,1
6910,1
6911,1
6912,0
6913,0
6914,1
6915,1
6916,1
6917,1
6918,0
6919,0
6920,1
6926,1
6927,0
6928,1
6929,0
6930,0
6931,0
6932,1
6933,0
6934,1
6935,1
6936,0
6937,1
6938,1
6939,1
6940,0
6941,0
6942,1
6943,1
6944,0
6945,1
6946,1
6947,0
6948,0
6949,0
6950,0
6951,1
6952,1
6953,0
6954,0
6955,1
6956,1
6957,1
6958,0
6959,0
6960,0
6961,0
6962,1
6963,0
6964,1
6965,0
6966,1
6967,0
6968,1
6969,1
6970,0
6971,0
6972,1
6973,0
6974,1
6975,1
6976,1
6977,1
6978,0
6979,0
6980,0
6981,1
6982,0
6983,0
6984,0
6985,0
6986,1
6987,1
6988,0
6989,1
6990,0
6991,1
6992,0
6993,1
6994,0
6995,1
6996,0
6997,0
6998,1
6999,1
7000,0
7001,1
7002,1
7003,0
7004,0
7005,1
7006,0
7007,1
7008,0
7009,1
7010,1
7011,0
7012,1
7013,1
7014,0
7015,0
7016,0
7017,1
7018,0
7019,0
7020,1
7021,1
7022,0
7023,0
7024,1
7025,0
7026,0
7027,1
7028,1
7029,1
7030,1
7031,1
7032,1
7033,0
7034,0
7035,0
7036,1
7037,1
7038,0
7039,0
7040,0
7041,0
7042,0
7043,1
7044,1
7045,0
7046,0
7047,1
7048,1
7049,0
7050,0
7051,1
7052,1
7053,0
7054,0
7055,1
7056,1
7057,0
7058,0
7059,1
7060,1
7061,0
7062,1
7063,1
7064,1
7065,0
7066,1
7067,1
7068,0
7069,1
7070,1
7071,1
7072,0
7073,1
7074,0
7075,0
7076,0
7077,1
7078,0
7079,0
7080,1
7081,0
7082,0
7083,0
7084,0
7085,0
7086,1
7087,1
7088,0
7089,0
7090,1
7096,1
7097,0
7098,0
7099,0
7100,0
7101,1
7102,0
7103,0
7104,0
7105,0
7106,0
7107,0
7108,0
7109,1
7110,1
7111,0
7112,1
7113,0
7114,1
7115,1
7116,1
7117,1
7118,0
7119,0
7120,0
7121,0
7122,1
7123,0
7124,1
7125,1
7126,0
7127,1
7128,1
7129,0
7130,1
7131,0
7132,1
7133,1
7134,1
7135,1
7136,0
7137,1
7138,0
7139,1
7140,0
7141,1
7142,0
7143,0
7144,1
7145,0
7146,1
7147,1
7148,0
7149,0
7150,0
7151,0
7152,0
7153,1
7154,1
7155,0
7161,1
7162,0
7163,0
7164,0
7165,0
7166,0
7167,1
7168,0
7169,1
7170,0
7171,0
7172,1
7173,1
7174,1
7175,0
7176,1
7177,1
7178,0
7179,1
7180,1
7181,1
7182,1
7183,0
7184,0
7185,1
7186,1
7187,1
7188,0
7189,0
7190,1
7196,0
7197,0
7198,0
7199,1
7200,1
7201,0
7202,1
7203,0
7204,1
7205,1
7206,0
7207,1
7208,0
7209,1
7210,1
7211,1
7212,1
7213,0
7214,0
7215,0
7216,1
7217,1
7218,0
7219,0
7220,0
7221,0
7222,1
7223,0
7224,1
7225,1
7226,0
7227,1
7228,0
7229,0
7230,1
7231,0
7232,1
7233,0
7234,1
7235,0
7236,0
7237,0
7238,0
7239,1
7240,0
7241,0
7242,1
7243,1
7244,0
7245,0
7246,1
7247,0
7248,0
7249,0
7250,1
7251,1
7252,1
7253,0
7254,0
7255,0
7256,1
7257,1
7258,0
7259,0
7260,0
7266,1
7267,1
7268,1
7269,0
7270,1
7271,1
7272,0
7273,0
7274,0
7275,1
7276,1
7277,0
7278,0
7279,0
7280,1
7281,1
7282,1
7283,0
7284,1
7285,0
7286,0
7287,1
7288,1
7289,1
7290,1
7291,1
7292,0
7293,0
7294,0
7295,0
7301,1
7302,0
7303,0
7304,0
7305,0
7306,1
7307,0
7308,0
7309,0
7310,1
7311,1
7312,1
7313,0
7314,0
7315,0
7316,0
7317,0
7318,0
7319,0
7320,0
7321,0
7322,1
7323,0
7324,1
7325,0
7331,0
7332,1
7333,1
7334,0
7335,1
7336,1
7337,0
7339,0
7340,0
7341,1
7342,0
7343,0
7344,0
7345,0
7346,1
7347,1
7348,0
7349,0
7350,0
7351,0
7352,1
7353,1
7354,1
7355,0
7356,0
7357,1
7358,1
7359,1
7360,0
7366,1
7367,0
7368,1
7369,1
7370,1
7371,0
7372,0
7373,0
7374,1
7375,1
7376,0
7377,1
7378,0
7379,1
7380,1
7381,1
7382,1
7383,0
7384,0
7385,0
7386,1
7387,1
7388,1
7389,1
7390,0
7391,0
7392,0
7393,0
7394,1
7395,1
7396,1
7397,0
7398,1
7399,1
7400,1
7401,0
7402,0
7403,0
7404,0
7405,0
7406,0
7407,1
7408,1
7409,1
7410,0
7411,0
7412,1
7413,1
7414,0
7415,1
7416,1
7417,0
7418,0
7419,0
7420,0
7421,0
7422,1
7423,1
7424,1
7425,1
7426,1
7427,1
7428,1
7429,1
7430,0
7431,1
7432,1
7433,0
7434,0
7435,0
7436,1
7437,1
7438,0
7439,0
7440,0
7441,0
7442,1
7443,1
7444,1
7445,1
7446,0
7447,1
7448,1
7449,1
7450,0
7451,1
7452,1
7453,0
7454,0
7455,1
7456,1
7457,1
7458,0
7459,0
7460,0
7461,1
7462,0
7463,0
7464,0
7465,0
7466,1
7467,0
7468,0
7469,0
7470,1
7471,0
7472,1
7473,0
7474,1
7475,1
7476,1
7477,0
7478,1
7479,0
7480,0
7481,1
7482,1
7483,0
7484,0
7485,0
7486,1
7487,1
7488,0
7489,0
7490,0
7491,1
7492,0
7493,1
7494,1
7495,0
7496,0
7497,1
7498,0
7499,0
7500,0
7501,0
7502,1
7503,0
7504,1
7505,1
7511,0
7512,1
7513,0
7514,1
7515,1
7516,0
7517,1
7518,1
7519,0
7520,0
7521,0
7522,1
7523,1
7524,0
7525,1
7526,1
7527,1
7528,1
7529,1
7530,1
7531,1
7532,0
7533,1
7534,0
7535,1
7536,0
7537,1
7538,1
7539,1
7540,1
7546,1
7547,0
7548,0
7549,0
7550,1
7551,1
7552,1
7553,1
7554,0
7555,1
7556,0
7557,1
7558,1
7559,1
7560,0
7561,1
7562,1
7563,0
7564,0
7565,0
7566,0
7567,1
7568,1
7569,0
7570,0
7571,0
7572,1
7573,1
7574,1
7575,1
7576,1
7577,1
7578,0
7579,0
7580,1
7581,0
7582,1
7583,1
7584,1
7585,1
7586,0
7587,1
7588,1
7589,0
7590,1
7591,1
7592,1
7593,0
7594,0
7595,1
7596,1
7597,1
7598,1
7599,0
7600,1
7601,0
7602,1
7603,0
7604,1
7605,1
7606,0
7607,1
7608,1
7609,1
7610,0
7616,0
7617,1
7618,1
7619,1
7620,1
7621,0
7622,1
7623,0
7624,0
7625,1
7626,0
7627,1
7628,1
7629,1
7630,1
7631,0
7632,1
7633,1
7634,0
7635,0
7636,0
7637,0
7638,1
7639,1
7640,0
7641,1
7642,0
7643,0
7644,0
7645,1
7646,1
7647,1
7648,0
7649,1
7650,1
7651,0
7652,1
7653,1
7654,1
7655,1
7656,1
7657,0
7658,0
7659,1
7660,0
7661,0
7662,1
7663,0
7664,1
7665,1
7666,0
7667,1
7668,1
7669,1
7670,1
7671,1
7672,1
7673,0
7674,0
7675,0
7676,1
7677,1
7678,0
7679,0
7680,0
7681,0
7682,1
7683,1
7684,1
7685,0
7686,0
7687,1
7688,1
7689,1
7690,1
7691,1
7692,1
7693,0
7694,0
7695,1
7696,0
7697,0
7698,0
7699,1
7700,0
7701,0
7702,1
7703,1
7704,1
7705,0
7706,1
7707,0
7708,0
7709,0
7710,0
7711,1
7712,1
7713,1
7714,1
7715,0
7716,0
7717,1
7718,0
7719,0
7720,1
7721,0
7722,1
7723,0
7724,0
7725,0
7726,0
7727,1
7728,1
7729,1
7730,0
7731,1
7732,0
7733,0
7734,0
7735,1
7736,0
7737,1
7738,0
7739,1
7740,1
7741,1
7742,1
7743,0
7744,0
7745,1
7746,0
7747,1
7748,0
7749,0
7750,1
7751,1
7752,0
7753,0
7754,0
7755,0
7756,0
7757,1
7758,1
7759,0
7760,1
7761,0
7762,1
7763,1
7764,0
7765,1
7766,0
7767,1
7768,0
7769,0
7770,1
7771,1
7772,1
7773,0
7774,0
7775,1
7776,0
7777,1
7778,0
7779,0
7780,0
7781,1
7782,0
7783,0
7784,1
7785,0
7786,1
7787,1
7788,0
7789,0
7790,0
7791,0
7792,1
7793,1
7794,1
7795,0
7796,0
7797,1
7798,0
7799,1
7800,0
7806,1
7807,1
7808,0
7809,0
7810,1
7816,0
7817,1
7818,1
7819,0
7820,0
7821,0
7822,1
7823,0
7824,1
7825,0
7826,0
7827,1
7828,0
7829,1
7830,0
7831,0
7832,0
7833,1
7834,1
7835,0
7836,1
7837,0
7838,0
7839,1
7840,1
7841,1
7842,1
7843,0
7844,0
7845,0
7846,1
7847,1
7848,0
7849,0
7850,0
7851,1
7852,1
7853,0
7854,0
7855,0
7856,1
7857,0
7858,0
7859,0
7860,0
7861,0
7862,1
7863,1
7864,1
7865,0
7866,0
7867,1
7868,0
7869,0
7870,0
7871,1
7872,0
7873,0
7874,0
7875,0
7876,1
7877,0
7878,0
7879,1
7880,0
7881,0
7882,1
7883,0
7884,0
7885,1
7886,0
7887,1
7888,0
7889,0
7890,1
7891,0
7892,1
7893,1
7894,1
7895,0
7896,1
7897,0
7898,0
7899,0
7900,0
7901,1
7902,0
7903,0
7904,0
7905,1
7906,0
7907,1
7908,1
7909,1
7910,0
7911,0
7912,1
7913,0
7914,1
7915,0
7916,0
7917,0
7918,0
7919,1
7920,0
7921,0
7922,1
7923,1
7924,1
7925,1
7926,1
7927,0
7928,0
7929,1
7930,1
7931,0
7932,1
7933,0
7934,1
7935,1
7936,1
7937,0
7938,0
7939,1
7940,0
7941,0
7942,1
7943,0
7944,0
7945,0
7946,1
7947,1
7948,0
7949,0
7950,0
7951,0
7952,1
7953,1
7954,0
7955,1
7956,0
7957,1
7958,1
7959,0
7960,0
7961,1
7962,1
7963,0
7964,0
7965,0
7966,0
7967,0
7968,1
7969,1
7970,1
7971,1
7972,1
7973,0
7974,1
7975,0
7976,1
7977,0
7978,0
7979,1
7980,0
7981,1
7982,0
7983,0
7984,0
7985,0
7986,1
7987,1
7988,0
7989,0
7990,0
7991,0
7992,1
7993,1
7994,1
7995,0
7996,1
7997,0
7998,0
7999,0
8000,0
8001,1
8002,0
8003,0
8004,0
8005,1
8006,1
8007,0
8008,1
8009,0
8010,0
8011,1
8012,1
8013,0
8014,1
8015,0
8016,0
8017,1
8018,1
8019,1
8020,1
8021,0
8022,1
8023,1
8024,1
8025,0
8026,1
8027,1
8028,1
8029,0
8030,0
8031,0
8032,1
8033,1
8034,1
8035,1
8036,1
8037,0
8038,0
8039,0
8040,1
8041,0
8042,0
8043,1
8044,1
8045,0
8046,1
8047,1
8048,0
8049,1
8050,1
8051,1
8052,1
8053,0
8054,1
8055,0
8056,0
8057,1
8058,0
8059,1
8060,1
8061,1
8062,0
8063,1
8064,0
8065,0
8066,0
8067,1
8068,1
8069,0
8070,0
8076,0
8077,1
8078,1
8079,1
8080,1
8081,0
8082,1
8083,1
8084,0
8085,1
8086,1
8087,1
8088,0
8089,1
8090,0
8091,0
8092,1
8093,1
8094,1
8095,1
8096,1
8097,0
8098,0
8099,0
8100,1
8101,0
8102,1
8103,0
8104,1
8105,0
8106,0
8107,1
8108,1
8109,1
8110,0
8111,1
8112,1
8113,0
8114,1
8115,0
8116,1
8117,1
8118,0
8119,1
8120,0
8121,1
8122,1
8123,1
8124,0
8125,1
8126,0
8127,1
8128,1
8129,1
8130,0
8131,0
8132,1
8133,0
8134,1
8135,0
8136,0
8137,1
8138,0
8139,0
8140,0
8141,0
8142,1
8143,1
8144,0
8145,1
8146,1
8147,1
8148,0
8149,0
8150,0
8151,0
8152,1
8153,1
8154,0
8155,0
8156,1
8157,1
8158,0
8159,0
8160,0
8161,1
8162,0
8163,0
8164,0
8165,1
8166,0
8167,1
8168,1
8169,1
8170,0
8171,1
8172,1
8173,0
8174,0
8175,0
8176,0
8177,1
8178,1
8179,1
8180,1
8181,1
8182,0
8183,1
8184,0
8185,0
8186,1
8187,0
8188,1
8189,0
8190,0
8191,1
8192,1
8193,0
8194,1
8195,0
8196,0
8197,1
8198,0
8199,1
8200,0
8201,1
8202,1
8203,0
8204,0
8205,0
8206,1
8207,0
8208,0
8209,0
8210,0
8211,0
8212,1
8213,0
8214,1
8215,0
8216,1
8217,1
8218,0
8219,0
8220,1
8221,1
8222,0
8223,0
8224,0
8225,0
8226,0
8227,1
8228,1
8229,1
8230,1
8231,0
8232,1
8233,1
8234,1
8235,0
8236,1
8237,1
8238,0
8239,0
8240,0
8241,1
8242,1
8243,0
8244,1
8245,0
8246,1
8247,0
8248,0
8249,0
8250,0
8251,1
8252,1
8253,1
8254,0
8255,0
8256,1
8257,0
8258,0
8259,0
8260,0
8261,1
8262,0
8264,1
8265,0
8266,0
8267,1
8268,1
8269,0
8270,1
8271,1
8272,1
8273,0
8274,0
8275,1
8276,0
8277,1
8278,0
8279,1
8280,0
8286,1
8287,1
8288,0
8289,0
8290,0
8291,0
8292,1
8293,1
8294,1
8295,1
8296,1
8297,1
8298,0
8299,1
8300,0
8301,0
8302,1
8303,0
8304,1
8305,0
8311,0
8312,1
8313,1
8314,1
8315,0
8316,0
8317,1
8318,0
8319,1
8320,1
8321,0
8322,1
8323,1
8324,0
8325,0
8326,0
8327,1
8328,1
8329,1
8330,1
8331,1
8332,0
8333,0
8334,0
8335,0
8341,1
8342,1
8343,0
8344,0
8345,0
8346,1
8347,1
8348,0
8349,0
8350,0
8351,0
8352,1
8353,0
8354,1
8355,1
8356,1
8357,1
8358,0
8359,0
8360,0
8361,1
8362,1
8363,0
8364,0
8365,1
8366,1
8367,1
8368,1
8369,0
8370,1
8371,0
8372,1
8373,0
8374,1
8375,1
8376,0
8377,1
8378,1
8379,1
8380,1
8381,1
8382,1
8383,1
8384,0
8385,1
8386,1
8387,1
8388,1
8389,0
8390,0
8391,0
8392,1
8393,0
8394,0
8395,0
8396,1
8397,0
8398,0
8399,0
8400,0
8401,1
8402,1
8403,0
8404,0
8405,0
8406,0
8407,1
8408,0
8409,1
8410,1
8411,1
8412,1
8413,0
8414,0
8415,1
8416,0
8417,1
8418,1
8419,1
8420,0
8421,1
8422,1
8423,0
8424,1
8425,0
8426,1
8427,1
8428,0
8429,0
8430,0
8431,1
8432,1
8433,1
8434,0
8435,0
8436,0
8437,1
8438,1
8439,0
8440,0
8446,1
8447,1
8448,0
8449,0
8450,0
8451,1
8452,0
8453,0
8454,1
8455,0
8456,0
8457,1
8458,1
8459,1
8460,0
8461,1
8462,0
8463,1
8464,0
8465,0
8466,1
8467,1
8468,0
8469,0
8470,0
8471,0
8472,1
8473,1
8474,1
8475,0
8476,1
8477,1
8478,0
8479,1
8480,1
8481,1
8482,1
8483,0
8484,0
8485,1
8486,1
8487,1
8488,0
8489,0
8490,0
8491,1
8492,1
8493,0
8494,1
8495,1
8496,1
8497,0
8498,0
8499,1
8500,1
8501,1
8502,0
8504,1
8505,0
8506,1
8507,1
8508,0
8509,0
8510,0
8511,1
8512,1
8513,0
8514,1
8515,1
8516,0
8517,1
8518,1
8519,0
8520,1
8521,0
8522,1
8523,1
8524,1
8525,0
8526,0
8527,0
8528,1
8529,0
8530,0
8531,0
8532,1
8533,1
8534,1
8535,1
8536,0
8537,1
8538,1
8539,1
8540,1
8541,0
8542,1
8543,1
8544,1
8545,0
8546,0
8547,1
8548,1
8549,0
8550,1
8551,0
8552,1
8553,1
8554,1
8555,1
8556,0
8557,1
8558,1
8559,1
8560,1
8561,0
8562,1
8563,0
8564,0
8565,0
8566,0
8567,1
8568,1
8569,0
8570,1
8571,1
8572,1
8573,0
8574,1
8575,0
8576,1
8577,0
8578,0
8579,0
8580,0
8581,0
8582,1
8583,0
8584,1
8585,0
8586,0
8587,1
8588,0
8589,0
8590,0
8591,1
8592,1
8593,0
8594,0
8595,0
8596,0
8597,1
8598,1
8599,1
8600,0
8601,1
8602,1
8603,0
8604,0
8605,1
8606,0
8607,1
8608,1
8609,0
8610,1
8616,0
8617,1
8618,1
8619,1
8620,1
8621,0
8622,1
8623,0
8624,1
8625,0
8626,0
8627,1
8628,0
8629,0
8630,0
8631,0
8632,1
8633,0
8634,0
8635,0
8636,1
8637,0
8638,0
8639,0
8640,0
8641,1
8642,1
8643,1
8644,0
8645,0
8646,1
8647,0
8648,0
8649,0
8650,0
8651,1
8652,1
8653,0
8654,0
8655,0
8656,1
8657,0
8658,0
8659,0
8660,1
8661,1
8662,1
8663,0
8664,0
8665,0
8671,0
8672,1
8673,1
8674,0
8675,0
8676,1
8677,0
8678,1
8679,1
8680,1
8681,0
8682,1
8683,0
8684,1
8685,1
8686,0
8687,1
8688,1
8689,1
8690,1
8691,0
8692,1
8693,1
8694,1
8695,0
8696,1
8697,1
8698,0
8699,1
8700,0
8701,1
8702,1
8704,0
8705,0
8706,0
8707,1
8708,1
8709,0
8710,0
8711,1
8712,0
8713,0
8714,0
8715,0
8716,1
8717,1
8718,0
8719,0
8720,0
8721,1
8722,1
8723,0
8724,0
8725,0
8726,1
8727,1
8728,1
8729,0
8730,1
8731,1
8732,1
8733,0
8734,1
8735,1
8736,1
8737,1
8738,1
8739,0
8740,0
8741,1
8742,0
8743,0
8744,1
8745,0
8746,1
8747,1
8748,1
8749,0
8750,1
8751,1
8752,0
8753,1
8754,1
8755,0
8756,1
8757,0
8758,0
8759,1
8760,0
8761,0
8762,1
8763,1
8764,1
8765,1
8766,0
8767,1
8768,1
8769,1
8770,0
8776,0
8777,1
8778,0
8779,0
8780,0
8781,1
8782,0
8783,0
8784,0
8785,0
8786,0
8787,1
8788,0
8789,1
8790,1
8791,1
8792,0
8793,0
8794,1
8795,0
8796,1
8797,0
8798,0
8799,1
8800,0
8801,0
8802,1
8803,0
8804,1
8805,0
8806,1
8807,0
8808,1
8809,0
8810,0
8811,1
8812,1
8813,0
8814,0
8815,0
8816,0
8817,1
8818,0
8819,1
8820,1
8821,0
8822,1
8823,1
8824,1
8825,1
8826,1
8827,1
8828,0
8829,1
8830,0
8836,1
8837,0
8838,0
8839,1
8840,0
8841,0
8842,1
8843,0
8844,1
8845,1
8846,0
8847,1
8848,1
8849,1
8850,0
8851,0
8852,1
8853,1
8854,1
8855,0
8856,1
8857,1
8858,1
8859,0
8860,0
8861,1
8862,1
8863,0
8864,0
8865,0
8866,0
8867,1
8868,1
8869,1
8870,0
8871,0
8872,1
8873,0
8874,1
8875,0
8876,1
8877,0
8878,0
8879,1
8880,0
8886,0
8887,1
8888,1
8889,1
8890,1
8891,1
8892,1
8893,0
8894,1
8895,0
8896,1
8897,0
8898,0
8899,1
8900,0
8901,0
8902,1
8903,0
8904,1
8905,1
8906,1
8907,1
8908,0
8909,0
8910,1
8911,1
8912,1
8913,0
8914,1
8915,1
8916,1
8917,1
8918,0
8919,1
8920,1
8921,0
8922,1
8923,1
8924,0
8925,1
8926,0
8927,1
8928,0
8929,1
8930,0
8931,1
8932,1
8933,0
8934,0
8935,0
8941,0
8942,1
8943,0
8944,1
8945,1
8946,0
8947,1
8948,1
8949,1
8950,1
8951,1
8952,1
8953,0
8954,0
8955,1
8956,1
8957,0
8958,0
8959,1
8960,0
8961,1
8962,1
8963,0
8964,1
8965,1
8966,0
8967,0
8968,1
8969,1
8970,1
8976,0
8977,0
8978,0
8979,1
8980,1
8981,0
8982,1
8983,1
8984,1
8985,0
8986,0
8987,1
8988,1
8989,0
8990,0
8991,1
8992,1
8993,1
8994,0
8995,1
8996,1
8997,1
8998,0
8999,0
9000,1
9001,1
9002,0
9003,0
9004,0
9005,0
9006,0
9007,1
9008,1
9009,1
9010,1
9011,1
9012,1
9013,0
9014,0
9015,0
9016,0
9017,0
9018,0
9019,1
9020,0
9021,1
9022,0
9023,0
9024,0
9025,0
9026,1
9027,0
9028,0
9029,1
9030,0
9031,1
9032,0
9033,0
9034,1
9035,0
9036,1
9037,1
9038,0
9039,1
9040,1
9041,1
9042,0
9043,1
9044,1
9045,1
9046,0
9047,1
9048,1
9049,0
9050,0
9051,1
9052,1
9053,0
9054,1
9055,1
9056,1
9057,1
9058,0
9059,1
9060,1
9061,1
9062,1
9063,0
9064,0
9065,1
9066,1
9067,1
9068,0
9069,0
9070,0
9071,1
9072,1
9073,1
9074,1
9075,0
9081,0
9082,1
9083,0
9084,1
9085,0
9086,1
9087,1
9088,0
9089,1
9090,1
9091,1
9092,1
9093,0
9094,0
9095,0
9096,0
9097,0
9098,0
9099,1
9100,1
9101,0
9102,1
9103,0
9104,0
9105,0
9106,0
9107,1
9108,0
9109,1
9110,1
9111,0
9112,0
9113,1
9114,1
9115,0
9116,0
9117,1
9118,1
9119,1
9120,1
9121,0
9122,1
9123,0
9124,1
9125,0
9126,1
9127,0
9128,0
9129,1
9130,0
9131,0
9132,1
9133,1
9134,1
9135,1
9136,1
9137,0
9138,1
9139,1
9140,0
9141,0
9142,1
9143,0
9144,1
9145,0
9146,0
9147,1
9148,1
9149,1
9150,1
9151,1
9152,1
9153,0
9154,1
9155,0
9156,1
9157,1
9158,1
9159,0
9160,1
9161,1
9162,1
9163,0
9164,0
9165,0
9166,1
9167,1
9168,0
9169,0
9170,0
9171,0
9172,1
9173,0
9174,1
9175,1
9176,0
9177,1
9178,0
9179,1
9180,1
9181,0
9182,1
9183,1
9184,1
9185,1
9186,1
9187,0
9188,0
9189,0
9190,0
9191,0
9192,1
9193,1
9194,1
9195,0
9196,1
9197,0
9198,0
9199,0
9200,0
9201,0
9202,1
9203,0
9204,1
9205,1
9206,1
9207,0
9208,1
9209,1
9210,0
9211,1
9212,0
9214,1
9215,1
9216,1
9217,0
9218,0
9219,0
9220,0
9221,1
9222,0
9223,0
9224,0
9225,0
9226,1
9227,0
9228,0
9229,0
9230,0
9231,1
9232,1
9233,1
9234,0
9235,0
9236,0
9237,0
9238,0
9239,0
9240,0
9241,1
9242,0
9243,1
9244,1
9245,1
9246,0
9247,1
9248,1
9249,1
9250,0
9251,1
9252,1
9253,0
9254,0
9255,1
9256,1
9257,1
9258,0
9259,0
9260,0
9261,1
9262,1
9263,0
9264,0
9265,0
9266,1
9267,0
9268,1
9269,1
9270,1
9271,0
9272,1
9273,1
9274,1
9275,1
9281,1
9282,1
9283,0
9284,0
9285,0
9286,0
9287,1
9288,0
9289,1
9290,0
9291,0
9292,1
9293,1
9294,0
9295,0
9296,0
9297,1
9298,0
9299,1
9300,0
9301,0
9302,1
9303,1
9304,0
9305,1
9306,0
9307,1
9308,1
9309,1
9310,0
9311,0
9312,1
9313,1
9314,0
9315,0
9316,1
9317,0
9318,0
9319,0
9320,0
9321,1
9322,1
9323,1
9324,0
9325,0
9326,1
9327,0
9328,0
9329,0
9330,0
9331,1
9332,0
9333,0
9334,0
9335,0
9336,1
9337,1
9338,0
9339,1
9340,0
9341,0
9342,1
9343,1
9344,1
9345,1
9346,1
9347,1
9348,0
9349,0
9350,0
9351,1
9352,1
9353,1
9354,1
9355,0
9356,1
9357,1
9358,0
9359,0
9360,0
9366,1
9367,1
9368,0
9369,1
9370,1
9371,0
9372,1
9373,1
9374,0
9375,0
9376,0
9377,1
9378,1
9379,1
9380,0
9381,1
9382,1
9383,0
9384,0
9385,0
9386,1
9387,1
9388,0
9389,0
9390,0
9391,0
9392,1
9393,1
9394,0
9395,0
9396,0
9397,1
9398,1
9399,1
9400,1
9401,1
9402,0
9403,0
9404,0
9405,0
9406,0
9407,1
9408,1
9409,1
9410,0
9411,0
9412,1
9413,1
9414,1
9415,1
9416,1
9417,1
9418,0
9419,0
9420,0
9421,1
9422,0
9423,1
9424,0
9425,1
9426,1
9427,1
9428,1
9429,1
9430,1
9431,0
9432,1
9433,1
9434,1
9435,0
9441,0
9442,1
9443,0
9444,1
9445,1
9446,1
9447,1
9448,0
9449,0
9450,0
9451,1
9452,1
9453,0
9454,1
9455,0
9456,0
9457,1
9458,1
9459,1
9460,0
9461,0
9462,1
9463,0
9464,1
9465,0
9466,1
9467,1
9468,1
9469,0
9470,0
9471,1
9472,0
9473,0
9474,0
9475,1
9476,0
9477,1
9478,1
9479,1
9480,1
9481,0
9482,1
9483,0
9484,1
9485,1
9486,1
9487,0
9488,1
9489,1
9490,0
9491,1
9492,0
9493,0
9494,0
9495,0
9496,1
9497,1
9498,0
9499,1
9500,0
9501,1
9502,1
9503,0
9504,0
9505,1
9506,1
9507,1
9508,0
9509,1
9510,0
9511,0
9512,1
9513,0
9514,1
9515,0
9516,1
9517,1
9518,0
9519,1
9520,0
9521,0
9522,1
9523,0
9524,1
9525,0
9526,1
9527,1
9528,0
9529,1
9530,0
9531,1
9532,1
9533,0
9534,0
9535,0
9536,1
9537,1
9538,0
9539,1
9540,0
9541,0
9542,1
9543,1
9544,1
9545,1
9546,1
9547,1
9548,0
9549,1
9550,1
9561,1
9562,1
9564,1
9565,1
9566,1
9567,1
9568,0
9569,1
9570,0
9571,1
9572,1
9573,0
9574,0
9575,0
9576,0
9577,1
9578,1
9579,0
9580,1
9581,1
9582,1
9583,1
9584,1
9585,0
9586,0
9587,1
9588,1
9589,1
9590,0
9591,1
9592,0
9593,1
9594,1
9595,1
9596,0
9597,1
9598,0
9599,1
9600,0
9601,1
9602,0
9603,0
9604,1
9605,1
9606,0
9607,1
9608,1
9609,1
9610,0
9616,0
9617,1
9618,0
9619,1
9620,0
9621,1
9622,1
9623,0
9624,1
9625,1
9626,1
9627,0
9628,1
9629,0
9630,0
9631,0
9632,1
9633,0
9634,1
9635,1
9636,1
9637,1
9638,0
9639,1
9640,0
9641,0
9642,1
9643,1
9644,1
9645,1
9646,1
9647,1
9648,0
9649,0
9650,0
9651,0
9652,0
9653,0
9654,1
9655,0
9656,0
9657,1
9658,0
9659,1
9660,1
9661,1
9662,1
9663,0
9664,0
9665,1
9666,1
9667,1
9668,0
9669,1
9670,0
9671,0
9672,0
9673,0
9674,1
9675,1
9681,0
9682,1
9683,1
9684,1
9685,0
9691,0
9692,1
9693,1
9694,0
9695,1
9701,1
9702,0
9703,0
9704,0
9705,1
9711,1
9712,0
9713,0
9714,0
9715,0
9716,0
9717,1
9718,1
9719,1
9720,1
9721,1
9722,1
9723,0
9724,0
9725,0
9726,0
9727,1
9728,0
9729,1
9730,0
9731,1
9732,1
9733,0
9734,0
9735,0
9736,0
9737,1
9738,1
9739,1
9740,1
9741,0
9742,1
9743,0
9744,1
9745,1
9746,0
9747,1
9748,1
9749,0
9750,1
9751,1
9752,0
9753,1
9754,0
9755,0
9756,1
9757,0
9758,1
9759,1
9760,0
9761,0
9762,1
9763,1
9764,1
9765,1
9766,1
9767,1
9768,0
9769,0
9770,0
9776,1
9777,1
9778,0
9779,0
9780,0
9781,1
9782,1
9783,0
9784,0
9785,0
9786,1
9787,0
9788,0
9789,0
9790,0
9791,1
9792,0
9793,0
9794,0
9795,0
9796,1
9797,1
9798,1
9799,0
9800,0
9801,1
9802,0
9803,0
9804,0
9805,0
9806,1
9807,0
9808,1
9809,1
9810,0
9811,1
9812,1
9813,0
9814,1
9815,1
9816,0
9817,1
9818,0
9819,0
9820,0
9821,0
9822,1
9823,1
9824,1
9825,0
9826,0
9827,0
9828,0
9829,1
9830,0
9831,0
9832,1
9833,0
9834,1
9835,1
9836,0
9837,1
9838,1
9839,1
9840,1
9841,0
9842,1
9843,1
9844,1
9845,1
9846,0
9847,1
9848,1
9849,1
9850,1
9856,1
9857,1
9858,1
9859,0
9860,0
9861,1
9862,0
9863,1
9864,1
9865,1
9866,0
9867,1
9868,0
9869,1
9870,1
9871,0
9872,1
9873,1
9874,1
9875,0
9876,0
9877,1
9878,0
9879,0
9880,1
9881,1
9882,1
9883,0
9884,0
9885,0
9886,0
9887,0
9888,1
9889,0
9890,0
9896,1
9897,1
9898,1
9899,1
9900,0
9901,1
9902,1
9903,0
9904,0
9905,0
9911,1
9912,1
9913,0
9914,1
9915,0
9916,0
9917,1
9918,0
9919,1
9920,0
9921,1
9922,1
9923,0
9924,1
9925,1
9926,1
9927,1
9928,1
9929,0
9930,0
9931,0
9932,1
9933,0
9934,1
9935,1
9936,1
9937,1
9938,1
9939,0
9940,0
9946,0
9947,1
9948,1
9949,1
9950,1
9951,1
9952,1
9953,0
9954,0
9955,0
9961,0
9962,1
9963,1
9964,1
9965,1
9971,0
9972,1
9973,0
9974,1
9975,1
9976,0
9977,1
9978,0
9979,1
9980,0
9981,1
9982,1
9983,1
9984,0
9985,1
9986,0
9987,1
9988,0
9989,1
9990,0
9991,0
9992,1
9993,1
9994,0
9995,0
10001,0
10002,1
10003,1
10004,0
10005,0
10006,1
10007,0
10009,0
10010,0
10011,1
10012,1
10013,0
10014,0
10015,0
10016,0
10017,1
10018,0
10019,1
10020,1
10021,1
10022,1
10023,1
10024,0
10025,0
10026,0
10027,1
10028,1
10029,1
10030,1
10031,1
10032,1
10033,1
10034,1
10035,0
10036,0
10037,1
10038,1
10039,0
10040,1
10041,1
10042,1
10043,0
10044,0
10045,0
10046,0
10047,1
10048,1
10049,1
10050,0
10051,1
10052,1
10053,0
10054,0
10055,0
10056,1
10057,0
10058,0
10059,0
10060,0
10061,1
10062,1
10063,0
10064,1
10065,0
10066,0
10067,1
10068,1
10069,1
10070,1
10071,1
10072,1
10073,0
10074,0
10075,0
10076,0
10077,1
10078,1
10079,1
10080,1
10081,1
10082,0
10083,1
10084,0
10085,0
10091,1
10092,1
10093,0
10094,0
10095,1
10096,0
10097,1
10098,0
10099,1
10100,0
10101,0
10102,1
10103,1
10104,1
10105,1
10106,1
10107,1
10108,0
10109,0
10110,0
10111,1
10112,0
10113,1
10114,0
10115,0
10116,0
10117,1
10118,1
10119,1
10120,1
10121,0
10122,0
10123,1
10124,0
10125,1
10131,1
10132,1
10133,0
10134,0
10135,0
10136,1
10137,1
10138,0
10139,1
10140,0
10141,1
10142,1
10143,1
10144,0
10145,1
10146,0
10147,1
10148,1
10149,1
10150,1
10151,1
10152,0
10153,1
10154,1
10155,1
10156,0
10157,1
10158,1
10159,1
10160,1
10161,1
10162,0
10163,0
10164,0
10165,0
10166,0
10167,1
10168,0
10169,1
10170,1
10171,1
10172,0
10173,0
10174,0
10175,0
10181,0
10182,1
10183,1
10184,1
10185,0
10186,0
10187,1
10188,1
10189,1
10190,1
10191,0
10192,1
10193,1
10194,1
10195,1
10196,0
10197,1
10198,0
10199,1
10200,1
10201,1
10202,0
10203,0
10204,0
10205,1
10206,1
10207,1
10208,0
10209,1
10210,0
10211,1
10212,1
10213,0
10214,0
10215,1
10216,1
10217,1
10218,0
10219,1
10220,0
10221,1
10222,0
10223,0
10224,0
10225,0
10226,1
10227,1
10228,1
10229,1
10230,1
10231,1
10232,1
10233,1
10234,1
10235,1
10236,0
10237,1
10238,1
10239,1
10240,1
10241,1
10242,1
10243,0
10244,0
10245,0
10246,1
10247,0
10248,0
10249,1
10250,1
10251,1
10252,1
10253,0
10254,1
10255,1
10256,1
10257,1
10258,0
10259,0
10260,0
10261,0
10262,1
10263,1
10264,1
10265,0
10271,0
10272,1
10273,1
10274,1
10275,1
10276,1
10277,1
10278,0
10279,0
10280,1
10281,0
10282,1
10283,1
10284,1
10285,1
10286,0
10287,1
10288,0
10289,1
10290,1
10291,0
10292,0
10293,1
10294,1
10295,0
10296,0
10297,0
10298,0
10299,1
10300,0
10306,0
10307,1
10308,1
10309,1
10310,1
10311,0
10312,1
10313,1
10314,0
10315,0
10316,0
10317,0
10318,0
10319,1
10320,1
10321,1
10322,1
10323,0
10324,1
10325,1
10326,0
10327,1
10328,1
10329,1
10330,1
10331,0
10332,1
10333,0
10334,1
10335,1
10336,1
10337,1
10338,0
10339,0
10340,0
10341,1
10342,1
10343,0
10344,0
10345,0
10346,0
10347,1
10348,1
10349,0
10350,0
10351,0
10352,1
10353,1
10354,1
10355,1
10356,1
10357,1
10359,1
10360,0
10361,1
10362,1
10363,0
10364,0
10365,0
10366,0
10367,1
10368,1
10369,1
10370,0
10381,0
10382,1
10383,1
10384,0
10385,1
10391,0
10392,1
10393,1
10394,1
10395,1
10396,0
10397,1
10398,1
10399,1
10400,0
10401,1
10402,0
10403,0
10404,0
10405,0
10406,0
10407,1
10408,0
10409,1
10410,0
10411,0
10412,1
10413,1
10414,0
10415,0
10416,1
10417,1
10418,0
10419,0
10420,0
10421,0
10422,1
10423,1
10424,1
10425,1
10426,0
10427,1
10428,1
10429,1
10430,1
10431,0
10432,1
10433,1
10434,1
10435,0
10441,1
10442,1
10443,0
10444,0
10445,0
10446,1
10447,0
10448,1
10449,0
10450,0
10451,1
10452,1
10453,1
10454,1
10455,0
10456,1
10457,1
10458,0
10459,0
10460,0
10461,1
10462,1
10463,0
10464,0
10465,0
10466,0
10467,1
10468,0
10469,0
10470,1
10471,1
10472,0
10473,0
10474,1
10475,1
10476,1
10477,1
10478,0
10479,1
10480,1
10481,1
10482,1
10483,0
10484,1
10485,0
10486,1
10487,1
10488,0
10489,0
10490,0
10491,0
10492,1
10493,1
10494,0
10495,0
10496,0
10497,1
10498,1
10499,1
10500,0
10506,1
10507,0
10508,0
10509,0
10510,0
10511,1
10512,1
10513,0
10514,0
10515,0
10516,1
10517,0
10518,0
10519,1
10520,0
10526,1
10527,1
10528,0
10529,0
10530,0
10531,1
10532,1
10533,0
10534,0
10535,0
10536,1
10537,1
10538,0
10539,1
10540,0
10541,0
10542,1
10543,1
10544,0
10545,0
10546,0
10547,0
10548,1
10549,0
10550,1
10551,1
10552,1
10553,0
10554,0
10555,0
10556,1
10557,1
10558,0
10559,1
10560,1
10561,1
10562,1
10563,0
10564,0
10565,0
10566,0
10567,1
10568,0
10569,1
10570,1
10571,0
10572,0
10573,1
10574,1
10575,1
10576,1
10577,0
10578,0
10579,1
10580,0
10581,1
10582,1
10583,0
10584,0
10585,1
10586,1
10587,1
10588,0
10589,1
10590,0
10591,0
10592,1
10593,1
10594,1
10595,1
10596,1
10597,1
10598,1
10599,0
10600,1
10601,1
10602,0
10603,1
10604,0
10605,1
10606,0
10607,1
10608,1
10609,1
10610,0
10611,0
10612,1
10613,1
10614,1
10615,1
10616,1
10617,1
10618,0
10619,0
10620,1
10621,1
10622,1
10623,0
10624,1
10625,0
10626,0
10627,0
10628,0
10629,1
10630,1
10631,1
10632,1
10633,0
10634,1
10635,1
10636,1
10637,1
10638,0
10639,0
10640,1
10641,1
10642,0
10643,0
10644,0
10645,0
10651,1
10652,1
10653,0
10654,0
10655,1
10656,1
10657,0
10658,1
10659,1
10660,0
10661,1
10662,1
10663,0
10664,1
10665,0
10666,0
10667,1
10668,0
10669,1
10670,0
10671,0
10672,1
10673,1
10674,1
10675,1
10676,1
10677,0
10678,1
10679,1
10680,0
10681,0
10682,1
10683,0
10684,1
10685,1
10686,0
10687,1
10688,0
10689,1
10690,1
10691,1
10692,1
10693,0
10694,1
10695,1
10696,1
10697,1
10698,0
10699,0
10700,0
10701,0
10702,1
10703,0
10704,1
10705,0
10706,0
10707,1
10708,1
10709,1
10710,0
10711,1
10712,0
10713,0
10714,0
10715,1
10716,1
10717,1
10718,0
10719,0
10720,1
10721,0
10722,1
10723,1
10724,1
10725,0
10726,1
10727,1
10728,0
10729,1
10730,0
10731,1
10732,1
10733,0
10734,0
10735,0
10736,1
10737,1
10738,0
10739,0
10740,0
10741,1
10742,1
10743,0
10744,1
10745,0
10746,1
10747,1
10748,0
10749,0
10750,1
10751,1
10752,1
10753,1
10754,0
10755,0
10756,0
10757,1
10758,1
10759,1
10760,1
10761,0
10762,1
10763,1
10764,1
10765,0
10766,1
10767,1
10768,0
10769,0
10770,0
10771,0
10772,1
10773,1
10774,1
10775,0
10776,0
10777,0
10778,1
10779,1
10780,0
10781,0
10782,0
10783,0
10784,0
10785,1
10791,1
10792,0
10793,0
10794,0
10795,1
10796,1
10797,0
10798,1
10799,0
10800,1
10801,0
10802,1
10803,1
10804,0
10805,0
10806,0
10807,0
10808,1
10809,0
10810,0
10811,0
10812,1
10813,1
10814,1
10815,1
10816,1
10817,1
10818,1
10819,0
10820,0
10821,0
10822,1
10823,1
10824,1
10825,1
10826,1
10827,1
10828,1
10829,1
10830,1
10831,1
10832,0
10833,0
10834,0
10835,1
10836,0
10837,1
10838,1
10839,1
10840,1
10841,1
10842,1
10843,0
10844,0
10845,0
10851,0
10852,1
10853,1
10854,0
10855,0
10856,1
10857,1
10858,0
10859,0
10860,0
10861,1
10862,1
10863,0
10864,0
10865,0
10866,0
10867,1
10868,1
10869,1
10870,1
10871,1
10872,1
10873,0
10874,1
10875,0
10876,0
10877,1
10878,1
10879,1
10880,0
10881,1
10882,0
10883,1
10884,0
10885,0
10886,1
10887,1
10888,0
10889,0
10890,0
10891,1
10892,1
10893,0
10894,1
10895,0
10896,0
10897,1
10898,0
10899,1
10900,1
10901,0
10902,1
10903,1
10904,1
10905,1
10906,0
10907,1
10908,1
10909,1
10910,0
10911,0
10912,1
10913,0
10914,1
10915,0
10916,0
10917,0
10918,0
10919,0
10920,0
10921,0
10922,1
10923,1
10924,1
10925,0
10926,0
10927,1
10928,0
10929,1
10930,0
10931,0
10932,1
10933,0
10934,1
10935,0
10936,1
10937,1
10938,0
10939,0
10940,0
10941,1
10942,1
10943,0
10944,0
10945,0
10946,1
10947,1
10948,0
10949,0
10950,0
10951,0
10952,1
10953,1
10954,1
10955,0
10956,1
10957,0
10958,0
10959,0
10960,0
10961,1
10962,1
10963,0
10964,0
10965,0
10966,1
10967,0
10968,0
10969,1
10970,0
10976,1
10977,1
10978,0
10979,0
10980,0
10981,0
10982,1
10983,1
10984,1
10985,1
10986,0
10987,1
10988,1
10989,1
10990,0
10996,0
10997,1
10998,0
10999,1
11000,0
11001,0
11002,1
11003,1
11004,1
11005,1
11006,1
11007,1
11008,0
11009,0
11010,0
11011,1
11012,1
11013,0
11014,0
11015,0
11016,0
11017,1
11018,1
11019,1
11020,0
11021,1
11022,1
11023,0
11024,0
11025,1
11026,0
11027,1
11028,0
11029,1
11030,0
11031,0
11032,1
11033,1
11034,1
11035,1
11041,1
11042,0
11043,0
11044,0
11045,0
11046,1
11047,0
11048,0
11049,0
11050,1
11051,1
11052,0
11053,1
11054,1
11055,0
11056,0
11057,1
11058,1
11059,1
11060,0
11066,1
11067,1
11068,1
11069,0
11070,0
11071,1
11072,1
11073,0
11074,1
11075,0
11076,0
11077,1
11078,1
11079,1
11080,0
11081,1
11082,1
11083,0
11084,0
11085,1
11086,0
11087,1
11088,1
11089,1
11090,1
11091,0
11092,1
11093,1
11094,1
11095,1
11096,0
11097,1
11098,1
11099,1
11100,1
11101,1
11102,1
11103,0
11104,0
11105,1
11111,0
11112,1
11113,1
11114,0
11115,0
11116,1
11117,1
11118,0
11119,0
11120,1
11121,1
11122,1
11123,0
11124,0
11125,0
11126,1
11127,0
11128,0
11129,1
11130,0
11131,0
11132,1
11133,1
11134,1
11135,1
11136,0
11137,1
11138,1
11139,1
11140,0
11141,1
11142,1
11143,0
11144,1
11145,0
11146,1
11147,1
11148,0
11149,0
11150,0
11151,1
11152,1
11153,0
11154,0
11155,0
11156,0
11157,1
11158,1
11159,1
11160,0
11161,1
11162,1
11163,0
11164,1
11165,0
11166,1
11167,0
11168,0
11169,0
11170,1
11176,0
11177,1
11178,0
11179,1
11180,0
11181,1
11182,1
11183,0
11184,1
11185,0
11186,0
11187,1
11188,0
11189,0
11190,0
11191,1
11192,1
11193,0
11194,1
11195,0
11196,1
11197,1
11198,0
11199,0
11200,1
11201,0
11202,1
11203,1
11204,0
11205,1
11206,1
11207,0
11208,1
11209,1
11210,1
11211,0
11212,1
11213,1
11214,1
11215,0
11216,1
11217,0
11218,0
11219,0
11220,0
11221,0
11222,1
11223,0
11224,1
11225,1
11226,1
11227,1
11228,0
11229,0
11230,1
11231,0
11232,1
11233,1
11234,0
11235,1
11236,1
11237,1
11238,0
11239,0
11240,1
11241,0
11242,1
11243,0
11244,0
11245,0
11246,1
11247,0
11248,1
11249,0
11250,1
11251,1
11252,1
11253,0
11254,1
11255,0
11256,0
11257,1
11258,1
11259,0
11260,1
11261,0
11262,1
11263,1
11264,1
11265,0
11266,0
11267,1
11268,0
11269,1
11270,0
11281,1
11282,0
11283,0
11284,0
11285,1
11286,0
11287,1
11288,0
11289,0
11290,1
11291,0
11292,1
11293,0
11294,1
11295,1
11301,1
11302,1
11303,0
11304,0
11305,0
11306,0
11307,1
11308,0
11309,1
11310,0
11311,1
11312,0
11313,0
11314,0
11315,0
11316,1
11317,1
11318,0
11319,0
11320,0
11321,0
11322,1
11323,0
11324,1
11325,0
11326,0
11327,1
11328,0
11329,0
11330,1
11331,0
11332,1
11333,0
11334,1
11335,1
11336,1
11337,1
11338,0
11339,1
11340,0
11346,0
11347,1
11348,1
11349,0
11350,0
11351,0
11352,0
11353,0
11354,1
11355,1
11356,1
11357,1
11358,0
11359,0
11360,1
11361,1
11362,0
11363,0
11364,1
11365,0
11366,1
11367,0
11369,1
11370,1
11371,0
11372,1
11373,0
11374,1
11375,1
11376,1
11377,1
11378,0
11379,0
11380,0
11381,1
11382,0
11383,0
11384,0
11385,0
11386,1
11387,1
11388,0
11389,1
11390,0
11396,0
11397,1
11398,0
11399,1
11400,1
11401,0
11402,1
11403,0
11404,1
11405,0
11406,1
11407,1
11408,0
11409,0
11410,1
11411,1
11412,0
11413,0
11414,0
11415,0
11416,1
11417,1
11418,0
11419,1
11420,1
11421,0
11422,1
11423,0
11424,1
11425,0
11426,1
11427,0
11428,1
11429,1
11430,1
11431,0
11432,1
11433,1
11434,1
11435,1
11436,1
11437,1
11438,0
11439,0
11440,0
11441,0
11442,1
11443,1
11444,0
11445,0
11456,0
11457,1
11458,1
11459,1
11460,1
11461,1
11462,0
11463,0
11464,0
11465,0
11466,0
11467,1
11468,0
11469,0
11470,0
11471,1
11472,0
11473,0
11474,1
11475,1
11476,1
11477,1
11478,0
11479,1
11480,0
11481,0
11482,1
11483,1
11484,1
11485,0
11486,1
11487,1
11488,1
11489,0
11490,1
11491,1
11492,1
11493,1
11494,0
11495,0
11496,1
11497,1
11498,0
11499,0
11500,0
11506,0
11507,1
11508,0
11509,1
11510,0
11511,1
11512,0
11513,0
11514,0
11515,1
11516,1
11517,0
11518,1
11519,1
11520,1
11521,1
11522,1
11523,0
11524,0
11525,0
11526,1
11527,0
11528,0
11529,1
11530,1
11531,1
11532,0
11533,0
11534,1
11535,1
11536,0
11537,1
11538,0
11539,0
11540,1
11541,0
11542,1
11543,0
11544,1
11545,0
11546,0
11547,1
11548,1
11549,1
11550,0
11551,1
11552,1
11553,0
11554,0
11555,1
11556,0
11557,1
11558,0
11559,1
11560,1
11561,0
11562,1
11563,1
11564,1
11565,0
11566,1
11567,0
11568,0
11569,0
11570,0
11571,1
11572,1
11573,0
11574,0
11575,0
11576,0
11577,1
11578,0
11579,1
11580,1
11581,0
11582,0
11583,0
11584,0
11585,0
11586,1
11587,1
11588,1
11589,0
11590,1
11591,0
11592,1
11593,1
11594,1
11595,1
11596,0
11597,1
11598,1
11599,1
11600,0
11601,1
11602,1
11603,1
11604,0
11605,0
11606,0
11607,1
11608,0
11609,1
11610,1
11611,1
11612,0
11613,0
11614,0
11615,0
11616,0
11617,1
11618,0
11619,1
11620,0
11621,1
11622,1
11623,0
11624,0
11625,0
11626,1
11627,0
11628,0
11629,0
11630,1
11631,0
11632,1
11633,1
11634,0
11635,1
11636,1
11637,0
11638,0
11639,0
11640,0
11641,0
11642,1
11643,1
11644,1
11645,0
11651,1
11652,1
11653,0
11654,0
11655,0
11656,0
11657,0
11658,0
11659,1
11660,1
11661,0
11662,0
11663,1
11664,1
11665,1
11666,1
11667,1
11668,0
11669,1
11670,1
11671,1
11672,1
11673,0
11674,0
11675,0
11676,0
11677,1
11678,1
11679,1
11680,0
11681,0
11682,0
11683,1
11684,0
11685,0
11686,0
11687,0
11688,0
11689,0
11690,0
11696,1
11697,1
11698,0
11699,1
11700,1
11701,1
11702,1
11703,0
11704,0
11705,0
11706,1
11707,1
11708,0
11709,0
11710,0
11711,1
11712,1
11713,0
11714,0
11715,0
11716,0
11717,0
11718,1
11719,0
11720,0
11721,0
11722,1
11723,1
11724,0
11725,0
11726,0
11727,1
11728,1
11729,1
11730,1
11731,1
11732,1
11733,0
11734,1
11735,0
11736,1
11737,1
11738,0
11739,0
11740,0
11741,1
11742,1
11743,0
11744,0
11745,0
11746,0
11747,1
11748,0
11749,1
11750,1
11751,1
11752,1
11753,0
11754,1
11755,1
11756,1
11757,0
11758,0
11759,0
11760,0
11766,1
11767,0
11768,0
11769,1
11770,1
11771,1
11772,1
11773,0
11774,1
11775,0
11776,1
11777,0
11778,0
11779,0
11780,1
11781,1
11782,1
11783,0
11784,0
11785,0
11786,0
11787,1
11788,1
11789,0
11790,0
11791,1
11792,1
11793,1
11794,1
11795,0
11796,0
11797,1
11798,1
11799,1
11800,0
11801,1
11802,0
11803,1
11804,1
11805,1
11806,1
11807,0
11808,0
11809,0
11810,1
11811,1
11812,0
11813,1
11814,1
11815,0
11816,1
11817,0
11818,0
11819,0
11820,1
11821,0
11822,1
11823,0
11824,1
11825,0
11826,1
11827,0
11828,0
11829,1
11830,1
11831,0
11832,1
11833,1
11834,1
11835,0
11836,0
11837,1
11838,1
11839,0
11840,0
11841,0
11842,0
11843,1
11844,1
11845,0
11846,0
11847,1
11848,0
11849,1
11850,1
11851,1
11852,1
11853,0
11854,0
11855,1
11856,0
11857,1
11858,1
11859,1
11860,1
11861,1
11862,1
11863,0
11864,0
11865,0
11866,0
11867,1
11868,1
11869,1
11870,0
11871,0
11872,1
11873,0
11874,1
11875,1
11876,0
11877,0
11878,1
11879,0
11880,0
11881,0
11882,1
11883,0
11884,1
11885,1
11886,0
11887,1
11888,0
11889,1
11890,0
11891,0
11892,1
11893,1
11894,1
11895,0
11896,0
11897,1
11898,1
11899,0
11900,1
11901,1
11902,1
11903,0
11904,0
11905,0
11906,1
11907,1
11908,0
11909,0
11910,0
11911,0
11912,1
11913,1
11914,1
11915,0
11916,1
11917,0
11918,0
11919,0
11920,0
11921,1
11922,1
11923,1
11924,1
11925,1
11926,1
11927,0
11928,0
11929,0
11930,0
11931,1
11932,1
11933,0
11934,0
11935,0
11936,1
11937,1
11938,0
11939,1
11940,0
11941,1
11942,0
11943,0
11944,1
11945,0
11946,0
11947,1
11948,0
11949,1
11950,0
11951,1
11952,1
11953,0
11954,1
11955,0
11956,0
11957,1
11958,0
11959,1
11960,1
11961,1
11962,0
11963,0
11964,0
11965,0
11966,1
11967,1
11968,0
11969,0
11970,0
11971,0
11972,1
11973,0
11974,1
11975,1
11976,0
11977,0
11978,1
11979,1
11980,1
11981,1
11982,0
11983,0
11984,0
11985,0
11996,0
11997,1
11998,0
11999,1
12000,0
12001,1
12002,1
12003,1
12004,1
12005,0
12006,1
12007,0
12008,0
12009,0
12010,0
12011,0
12012,1
12013,0
12014,1
12015,1
12016,0
12017,1
12018,1
12019,0
12020,1
12021,0
12022,1
12023,0
12024,0
12025,1
12026,1
12027,1
12028,0
12029,0
12030,0
12031,1
12032,1
12033,0
12034,1
12035,0
12036,1
12037,1
12038,0
12039,0
12040,0
12041,0
12042,1
12043,0
12044,1
12045,1
12046,1
12047,0
12048,1
12049,1
12050,1
12051,1
12052,0
12053,0
12054,1
12055,1
12061,1
12062,1
12063,0
12064,1
12065,0
12066,0
12067,1
12068,1
12069,1
12070,0
12071,0
12072,1
12073,0
12074,1
12075,0
12076,1
12077,1
12078,0
12079,0
12080,0
12081,0
12082,1
12083,0
12084,1
12085,1
12086,1
12087,0
12088,0
12089,1
12090,1
12091,1
12092,0
12093,0
12094,0
12095,1
12096,1
12097,1
12098,0
12099,0
12100,0
12101,0
12102,0
12103,1
12104,1
12105,0
12106,1
12107,0
12108,0
12109,1
12110,0
12111,0
12112,1
12113,0
12114,1
12115,1
12116,0
12117,1
12118,1
12119,0
12120,0
12121,1
12122,0
12124,1
12126,0
12127,0
12128,0
12129,0
12130,1
12131,1
12132,0
12133,0
12134,0
12135,0
12136,1
12137,1
12138,0
12139,0
12140,1
12146,1
12147,1
12148,0
12149,1
12150,0
12156,0
12157,1
12158,1
12159,1
12160,0
12161,1
12162,1
12163,0
12164,1
12165,0
12166,0
12167,1
12168,1
12169,1
12170,0
12171,1
12172,1
12173,0
12174,1
12175,0
12176,1
12177,1
12178,0
12179,1
12180,0
12181,1
12182,0
12183,0
12184,0
12185,1
12186,0
12187,1
12188,1
12189,1
12190,0
12191,1
12192,1
12193,0
12194,0
12195,0
12196,1
12197,1
12198,0
12199,0
12200,0
12201,1
12202,1
12203,0
12204,1
12205,0
12206,1
12207,1
12208,0
12209,1
12210,1
12211,1
12212,1
12213,0
12214,0
12215,0
12216,1
12217,1
12218,0
12219,0
12220,0
12221,0
12222,1
12223,0
12224,1
12225,0
12231,1
12232,0
12234,1
12235,0
12236,1
12237,1
12238,0
12239,0
12240,0
12241,0
12242,1
12243,0
12244,1
12245,0
12246,0
12247,1
12248,1
12249,1
12250,0
12251,1
12252,1
12253,0
12254,1
12255,0
12256,1
12257,1
12258,0
12259,1
12260,0
12261,0
12262,1
12263,1
12264,1
12265,1
12266,0
12267,1
12268,0
12269,1
12270,0
12271,1
12272,1
12273,1
12274,0
12275,0
12276,0
12277,1
12278,0
12279,1
12280,0
12281,1
12282,1
12283,0
12284,0
12285,0
12286,0
12287,1
12288,1
12289,1
12290,0
12291,0
12292,1
12293,1
12294,0
12295,1
12296,1
12297,1
12298,0
12299,0
12300,0
12301,1
12302,0
12303,0
12304,1
12305,1
12306,0
12307,1
12308,0
12309,1
12310,0
12311,1
12312,1
12313,0
12314,1
12315,0
12321,1
12322,1
12323,0
12324,0
12325,0
12326,1
12327,1
12328,0
12329,1
12330,1
12331,0
12332,1
12333,0
12334,1
12335,0
12336,0
12337,1
12338,1
12339,1
12340,0
12341,1
12342,1
12343,1
12344,0
12345,0
12346,0
12347,1
12348,1
12349,0
12350,1
12351,1
12352,1
12353,1
12354,0
12355,0
12356,1
12357,1
12358,0
12359,1
12360,0
12361,1
12362,1
12363,0
12364,0
12365,0
12366,1
12367,0
12368,1
12369,0
12370,0
12371,0
12372,1
12373,1
12374,1
12375,0
12376,0
12377,1
12378,0
12379,1
12380,0
12381,1
12382,1
12383,0
12384,0
12385,0
12391,1
12392,1
12393,1
12394,1
12395,0
12396,1
12397,0
12398,0
12399,0
12400,0
12401,1
12402,1
12403,0
12404,0
12405,0
12406,0
12407,1
12408,0
12409,1
12410,1
12411,1
12412,1
12413,0
12414,0
12415,0
12416,0
12417,1
12418,0
12419,1
12420,0
12421,0
12422,1
12423,0
12424,1
12425,0
12426,1
12427,0
12428,0
12429,0
12430,0
12436,1
12437,1
12438,0
12439,0
12440,0
12441,0
12442,1
12443,0
12444,1
12445,1
12456,0
12457,1
12458,1
12459,1
12460,1
12461,1
12462,0
12463,0
12464,0
12465,0
12471,1
12472,1
12473,0
12474,0
12475,0
12476,0
12477,1
12478,1
12479,1
12480,0
12486,1
12487,1
12488,0
12489,1
12490,1
12496,1
12497,1
12498,1
12499,1
12500,1
12501,1
12502,1
12503,1
12504,0
12505,1
12506,0
12507,1
12508,1
12509,1
12510,0
12511,1
12512,1
12513,0
12514,1
12515,1
12516,1
12517,1
12518,0
12519,1
12520,0
12521,1
12522,0
12523,0
12524,1
12525,0
12526,1
12527,1
12528,0
12529,0
12530,0
12531,0
12532,1
12533,0
12534,0
12535,1
12536,1
12537,1
12538,0
12539,1
12540,0
12541,0
12542,1
12543,0
12544,1
12545,1
12546,1
12547,1
12548,1
12549,0
12550,0
12551,1
12552,1
12553,0
12554,1
12555,0
12561,1
12562,0
12563,1
12564,1
12565,1
12566,1
12567,0
12568,1
12569,0
12570,0
